MATCH_ID,TIME,JOGADOR,AF_VALOR
2026-01-30|CORINTHIANS|BAHIA,CORINTHIANS,GUI NEGÃO,1.0
2026-01-30|CORITIBA|RED BULL BRAGANTINO,RED BULL BRAGANTINO,LUCAS BARBOSA,6.0
2026-01-30|CORITIBA|RED BULL BRAGANTINO,RED BULL BRAGANTINO,ANDRÉS HURTADO,2.0
2026-01-30|SÃO PAULO|FLAMENGO,SÃO PAULO,MAIK,1.0
2026-01-30|SÃO PAULO|FLAMENGO,SÃO PAULO,CALLERI,1.0
2026-01-30|SÃO PAULO|FLAMENGO,SÃO PAULO,DANIELZINHO,2.0
2026-01-30|CORITIBA|RED BULL BRAGANTINO,RED BULL BRAGANTINO,MATHEUS FERNANDES,1.0
2026-01-30|CORITIBA|RED BULL BRAGANTINO,RED BULL BRAGANTINO,JUNINHO CAPIXABA,1.0
2026-01-30|CORITIBA|RED BULL BRAGANTINO,RED BULL BRAGANTINO,EDUARDO SASHA,4.0
2026-01-30|CORITIBA|RED BULL BRAGANTINO,RED BULL BRAGANTINO,GUSTAVINHO,1.0
2026-01-30|CORINTHIANS|BAHIA,CORINTHIANS,CARRILLO,1.0
2026-01-30|MIRASSOL|VASCO,MIRASSOL,ALDO FILHO,2.0
2026-01-30|CHAPECOENSE|SANTOS,SANTOS,IGOR VINÍCIUS,2.0
2026-01-30|CHAPECOENSE|SANTOS,SANTOS,GABRIEL MENINO,4.0
2026-01-30|ATLÉTICO-MG|PALMEIRAS,ATLÉTICO-MG,IGOR GOMES,1.0
2026-01-30|CHAPECOENSE|SANTOS,SANTOS,LAUTARO DÍAZ,1.0
2026-01-30|CORITIBA|RED BULL BRAGANTINO,RED BULL BRAGANTINO,IGNACIO SOSA,2.0
2026-01-30|ATLÉTICO-MG|PALMEIRAS,ATLÉTICO-MG,CUELLO,1.0
2026-01-30|CORITIBA|RED BULL BRAGANTINO,RED BULL BRAGANTINO,HENRY MOSQUERA,1.0
2026-01-30|SÃO PAULO|FLAMENGO,SÃO PAULO,MARCOS ANTÔNIO,2.0
2026-01-30|CORINTHIANS|BAHIA,BAHIA,ADEMIR,1.0
2026-01-30|MIRASSOL|VASCO,VASCO,ANDRÉS GÓMEZ,2.0
2026-01-30|CORINTHIANS|BAHIA,BAHIA,WILLIAN JOSÉ,1.0
2026-01-30|CORINTHIANS|BAHIA,BAHIA,DAVID DUARTE,1.0
2026-01-30|CORINTHIANS|BAHIA,CORINTHIANS,MATHEUZINHO,2.0
2026-01-30|ATLÉTICO-MG|PALMEIRAS,ATLÉTICO-MG,RENAN LODI,2.0
2026-01-30|BOTAFOGO|CRUZEIRO,BOTAFOGO,ALEX TELLES,3.0
2026-01-30|CORINTHIANS|BAHIA,BAHIA,RODRIGO NESTOR,1.0
2026-01-30|MIRASSOL|VASCO,VASCO,PUMA RODRÍGUEZ,1.0
2026-01-30|SÃO PAULO|FLAMENGO,FLAMENGO,ALEX SANDRO,1.0
2026-01-30|INTERNACIONAL|ATHLETICO-PR,INTERNACIONAL,VITINHO,1.0
2026-01-30|FLUMINENSE|GRÊMIO,FLUMINENSE,JOHN KENNEDY,2.0
2026-01-30|ATLÉTICO-MG|PALMEIRAS,PALMEIRAS,GUSTAVO GÓMEZ,1.0
2026-01-30|ATLÉTICO-MG|PALMEIRAS,PALMEIRAS,PIQUEREZ,1.0
2026-01-30|FLUMINENSE|GRÊMIO,FLUMINENSE,RENÊ,1.0
2026-01-30|ATLÉTICO-MG|PALMEIRAS,PALMEIRAS,MAURÍCIO,1.0
2026-01-30|ATLÉTICO-MG|PALMEIRAS,PALMEIRAS,FLACO LÓPEZ,2.0
2026-01-30|ATLÉTICO-MG|PALMEIRAS,PALMEIRAS,RAMÓN SOSA,1.0
2026-01-30|FLUMINENSE|GRÊMIO,GRÊMIO,WILLIAN,1.0
2026-01-30|FLUMINENSE|GRÊMIO,GRÊMIO,WAGNER LEONARDO,1.0
2026-01-30|FLUMINENSE|GRÊMIO,GRÊMIO,GUSTAVO MARTINS,2.0
2026-01-30|FLUMINENSE|GRÊMIO,GRÊMIO,MARLON,1.0
2026-01-30|FLUMINENSE|GRÊMIO,GRÊMIO,MARCOS ROCHA,1.0
2026-01-30|INTERNACIONAL|ATHLETICO-PR,INTERNACIONAL,AGUIRRE,1.0
2026-01-30|ATLÉTICO-MG|PALMEIRAS,PALMEIRAS,KHELLVEN,1.0
2026-01-30|SÃO PAULO|FLAMENGO,FLAMENGO,PLATA,1.0
2026-01-30|BOTAFOGO|CRUZEIRO,CRUZEIRO,LUCAS SILVA,2.0
2026-01-30|MIRASSOL|VASCO,MIRASSOL,NEGUEBA,1.0
2026-01-30|BOTAFOGO|CRUZEIRO,CRUZEIRO,LUCAS ROMERO,1.0
2026-01-30|CORINTHIANS|BAHIA,CORINTHIANS,MATHEUS BIDU,1.0
2026-01-30|CORINTHIANS|BAHIA,CORINTHIANS,GARRO,1.0
2026-01-30|CORINTHIANS|BAHIA,CORINTHIANS,BRENO BIDON,1.0
2026-01-30|CHAPECOENSE|SANTOS,SANTOS,ZÉ RAFAEL,2.0
2026-01-30|CHAPECOENSE|SANTOS,SANTOS,JOÃO SCHMIDT,2.0
2026-01-30|BOTAFOGO|CRUZEIRO,CRUZEIRO,MATHEUS PEREIRA,3.0
2026-01-30|CORINTHIANS|BAHIA,CORINTHIANS,GUSTAVO HENRIQUE,1.0
2026-01-30|BOTAFOGO|CRUZEIRO,CRUZEIRO,FAGNER,1.0
2026-01-30|SÃO PAULO|FLAMENGO,FLAMENGO,SAMUEL LINO,2.0
2026-01-30|SÃO PAULO|FLAMENGO,FLAMENGO,ERICK PULGAR,1.0
2026-01-30|SÃO PAULO|FLAMENGO,FLAMENGO,EVERTON,4.0
2026-01-30|SÃO PAULO|FLAMENGO,FLAMENGO,LÉO PEREIRA,2.0
2026-01-30|ATLÉTICO-MG|PALMEIRAS,PALMEIRAS,ALLAN,1.0
2026-01-30|MIRASSOL|VASCO,MIRASSOL,ALESSON,1.0
2026-01-30|MIRASSOL|VASCO,MIRASSOL,WILLIAN MACHADO,1.0
2026-01-30|BOTAFOGO|CRUZEIRO,CRUZEIRO,KAIO JORGE,1.0
2026-01-30|MIRASSOL|VASCO,VASCO,JOHAN ROJAS,1.0
2026-01-30|CORITIBA|RED BULL BRAGANTINO,CORITIBA,SEBASTIÁN GÓMEZ,1.0
2026-01-30|CORITIBA|RED BULL BRAGANTINO,CORITIBA,JOSUÉ,1.0
2026-01-30|CHAPECOENSE|SANTOS,SANTOS,MIGUELITO,5.0
2026-01-30|CORITIBA|RED BULL BRAGANTINO,CORITIBA,PEDRO ROCHA,1.0
2026-01-30|ATLÉTICO-MG|PALMEIRAS,ATLÉTICO-MG,VICTOR HUGO,1.0
2026-01-30|MIRASSOL|VASCO,MIRASSOL,IGOR FORMIGA,1.0
2026-01-30|FLUMINENSE|GRÊMIO,GRÊMIO,TETÊ,2.0
2026-01-30|ATLÉTICO-MG|PALMEIRAS,ATLÉTICO-MG,MAYCON,1.0
2026-01-30|VITÓRIA|REMO,REMO,PATRICK,3.0
2026-01-30|INTERNACIONAL|ATHLETICO-PR,ATHLETICO-PR,ZAPELLI,1.0
2026-01-30|CORITIBA|RED BULL BRAGANTINO,RED BULL BRAGANTINO,MARCELINHO,1.0
2026-01-30|BOTAFOGO|CRUZEIRO,CRUZEIRO,GERSON,1.0
2026-01-30|VITÓRIA|REMO,REMO,JOÃO LUCAS,1.0
2026-01-30|VITÓRIA|REMO,REMO,EDUARDO MELO,1.0
2026-01-30|CORINTHIANS|BAHIA,CORINTHIANS,YURI ALBERTO,3.0
2026-01-30|SÃO PAULO|FLAMENGO,SÃO PAULO,LUCIANO,1.0
2026-01-30|FLUMINENSE|GRÊMIO,FLUMINENSE,LUCHO ACOSTA,2.0
2026-01-30|CORITIBA|RED BULL BRAGANTINO,CORITIBA,LUCAS RONIER,1.0
2026-01-30|CORINTHIANS|BAHIA,BAHIA,EVERTON RIBEIRO,2.0
2026-01-30|MIRASSOL|VASCO,MIRASSOL,REINALDO,2.0
2026-01-30|CORITIBA|RED BULL BRAGANTINO,CORITIBA,JACY,1.0
2026-01-30|MIRASSOL|VASCO,MIRASSOL,EDUARDO,1.0
2026-01-30|CHAPECOENSE|SANTOS,CHAPECOENSE,ÍTALO,1.0
2026-01-30|CHAPECOENSE|SANTOS,CHAPECOENSE,ROBERT,1.0
2026-01-30|CHAPECOENSE|SANTOS,SANTOS,BARREAL,1.0
2026-01-30|INTERNACIONAL|ATHLETICO-PR,INTERNACIONAL,BRUNO HENRIQUE,1.0
2026-01-30|VITÓRIA|REMO,VITÓRIA,CANTALAPIEDRA,1.0
2026-01-30|FLUMINENSE|GRÊMIO,FLUMINENSE,MARTINELLI,1.0
2026-01-30|INTERNACIONAL|ATHLETICO-PR,INTERNACIONAL,ALAN PATRICK,3.0
2026-01-30|VITÓRIA|REMO,VITÓRIA,DUDU,2.0
2026-01-30|VITÓRIA|REMO,VITÓRIA,MATEUS SILVA,1.0
2026-01-30|VITÓRIA|REMO,REMO,ALEF MANGA,1.0
2026-01-30|VITÓRIA|REMO,VITÓRIA,RAMON,2.0
2026-01-30|VITÓRIA|REMO,VITÓRIA,BARALHAS,2.0
2026-01-30|MIRASSOL|VASCO,VASCO,ROBERT RENAN,1.0
2026-01-30|VITÓRIA|REMO,VITÓRIA,RENATO KAYZER,3.0
2026-01-30|MIRASSOL|VASCO,VASCO,ANDREY FERNANDES,1.0
2026-01-30|ATLÉTICO-MG|PALMEIRAS,ATLÉTICO-MG,RUAN,1.0
2026-01-30|INTERNACIONAL|ATHLETICO-PR,ATHLETICO-PR,MENDOZA,2.0
2026-01-30|INTERNACIONAL|ATHLETICO-PR,INTERNACIONAL,VILLAGRA,1.0
2026-01-30|VITÓRIA|REMO,VITÓRIA,ERICK,1.0
2026-02-06|CRUZEIRO|CORITIBA,CRUZEIRO,LUCAS ROMERO,3.0
2026-02-06|CRUZEIRO|CORITIBA,CRUZEIRO,FAGNER,3.0
2026-02-06|GRÊMIO|BOTAFOGO,GRÊMIO,MARLON,3.0
2026-02-06|RED BULL BRAGANTINO|ATLÉTICO-MG,RED BULL BRAGANTINO,ANDRÉS HURTADO,2.0
2026-02-06|BAHIA|FLUMINENSE,BAHIA,EVERTON RIBEIRO,2.0
2026-02-06|RED BULL BRAGANTINO|ATLÉTICO-MG,ATLÉTICO-MG,IGOR GOMES,1.0
2026-02-06|RED BULL BRAGANTINO|ATLÉTICO-MG,ATLÉTICO-MG,GUSTAVO SCARPA,1.0
2026-02-06|CRUZEIRO|CORITIBA,CRUZEIRO,MATHEUS PEREIRA,4.0
2026-02-06|BAHIA|FLUMINENSE,FLUMINENSE,SAMUEL XAVIER,1.0
2026-02-06|GRÊMIO|BOTAFOGO,GRÊMIO,PAVÓN,1.0
2026-02-06|FLAMENGO|INTERNACIONAL,FLAMENGO,EVERTTON ARAÚJO,1.0
2026-02-06|FLAMENGO|INTERNACIONAL,FLAMENGO,ARRASCAETA,5.0
2026-02-06|FLAMENGO|INTERNACIONAL,FLAMENGO,BRUNO HENRIQUE,1.0
2026-02-06|FLAMENGO|INTERNACIONAL,FLAMENGO,LÉO PEREIRA,2.0
2026-02-06|CRUZEIRO|CORITIBA,CRUZEIRO,MATHEUS HENRIQUE,1.0
2026-02-06|RED BULL BRAGANTINO|ATLÉTICO-MG,RED BULL BRAGANTINO,GABRIEL,2.0
2026-02-06|RED BULL BRAGANTINO|ATLÉTICO-MG,RED BULL BRAGANTINO,IGNACIO SOSA,2.0
2026-02-06|CRUZEIRO|CORITIBA,CORITIBA,BRUNO MELO,1.0
2026-02-06|RED BULL BRAGANTINO|ATLÉTICO-MG,RED BULL BRAGANTINO,HENRY MOSQUERA,1.0
2026-02-06|RED BULL BRAGANTINO|ATLÉTICO-MG,RED BULL BRAGANTINO,GUSTAVINHO,1.0
2026-02-06|RED BULL BRAGANTINO|ATLÉTICO-MG,RED BULL BRAGANTINO,LUCAS BARBOSA,2.0
2026-02-06|RED BULL BRAGANTINO|ATLÉTICO-MG,RED BULL BRAGANTINO,ALIX VINICIUS,1.0
2026-02-06|CRUZEIRO|CORITIBA,CORITIBA,VINI PAULISTA,1.0
2026-02-06|CRUZEIRO|CORITIBA,CORITIBA,LUCAS RONIER,2.0
2026-02-06|RED BULL BRAGANTINO|ATLÉTICO-MG,RED BULL BRAGANTINO,JUNINHO CAPIXABA,1.0
2026-02-06|BAHIA|FLUMINENSE,FLUMINENSE,NONATO,2.0
2026-02-06|PALMEIRAS|VITÓRIA,VITÓRIA,MATEUS SILVA,1.0
2026-02-06|PALMEIRAS|VITÓRIA,VITÓRIA,RAMON,1.0
2026-02-06|PALMEIRAS|VITÓRIA,PALMEIRAS,FLACO LÓPEZ,1.0
2026-02-06|VASCO|CHAPECOENSE,VASCO,THIAGO MENDES,3.0
2026-02-06|PALMEIRAS|VITÓRIA,PALMEIRAS,MAURÍCIO,1.0
2026-02-06|PALMEIRAS|VITÓRIA,PALMEIRAS,MARLON FREITAS,2.0
2026-02-06|SANTOS|SÃO PAULO,SANTOS,ROLLHEISER,2.0
2026-02-06|SANTOS|SÃO PAULO,SÃO PAULO,CALLERI,2.0
2026-02-06|SANTOS|SÃO PAULO,SANTOS,LUAN PERES,1.0
2026-02-06|SANTOS|SÃO PAULO,SANTOS,JOÃO SCHMIDT,2.0
2026-02-06|SANTOS|SÃO PAULO,SÃO PAULO,BOBADILLA,2.0
2026-02-06|REMO|MIRASSOL,MIRASSOL,NEGUEBA,1.0
2026-02-06|REMO|MIRASSOL,MIRASSOL,JOÃO VICTOR,1.0
2026-02-06|PALMEIRAS|VITÓRIA,VITÓRIA,BARALHAS,1.0
2026-02-06|PALMEIRAS|VITÓRIA,VITÓRIA,CANTALAPIEDRA,2.0
2026-02-06|BAHIA|FLUMINENSE,FLUMINENSE,JOHN KENNEDY,3.0
2026-02-06|PALMEIRAS|VITÓRIA,VITÓRIA,MATHEUZINHO,1.0
2026-02-06|BAHIA|FLUMINENSE,FLUMINENSE,CANOBBIO,1.0
2026-02-06|VASCO|CHAPECOENSE,VASCO,NUNO MOREIRA,3.0
2026-02-06|VASCO|CHAPECOENSE,VASCO,PUMA RODRÍGUEZ,2.0
2026-02-06|FLAMENGO|INTERNACIONAL,INTERNACIONAL,BRUNO GOMES,1.0
2026-02-06|FLAMENGO|INTERNACIONAL,INTERNACIONAL,CARBONERO,1.0
2026-02-06|VASCO|CHAPECOENSE,VASCO,LUCAS PITON,1.0
2026-02-06|VASCO|CHAPECOENSE,VASCO,ANDRÉS GÓMEZ,2.0
2026-02-06|BAHIA|FLUMINENSE,FLUMINENSE,GANSO,1.0
2026-02-06|VASCO|CHAPECOENSE,VASCO,BARROS,1.0
2026-02-06|CRUZEIRO|CORITIBA,CRUZEIRO,KAIO JORGE,2.0
2026-02-06|PALMEIRAS|VITÓRIA,PALMEIRAS,VITOR ROQUE,2.0
2026-02-06|BAHIA|FLUMINENSE,BAHIA,LUCIANO JUBA,1.0
2026-02-06|SANTOS|SÃO PAULO,SANTOS,BARREAL,1.0
2026-02-06|PALMEIRAS|VITÓRIA,PALMEIRAS,ANDREAS PEREIRA,2.0
2026-02-06|REMO|MIRASSOL,REMO,ALEF MANGA,1.0
2026-02-06|REMO|MIRASSOL,MIRASSOL,REINALDO,1.0
2026-02-06|FLAMENGO|INTERNACIONAL,INTERNACIONAL,ALAN PATRICK,1.0
2026-02-06|REMO|MIRASSOL,MIRASSOL,WILLIAN MACHADO,1.0
2026-02-06|CRUZEIRO|CORITIBA,CORITIBA,BRENO LOPES,2.0
2026-02-06|VASCO|CHAPECOENSE,CHAPECOENSE,EVERTON,1.0
2026-02-06|VASCO|CHAPECOENSE,CHAPECOENSE,ÍTALO,1.0
2026-02-06|PALMEIRAS|VITÓRIA,VITÓRIA,GABRIEL,1.0
2026-02-06|RED BULL BRAGANTINO|ATLÉTICO-MG,ATLÉTICO-MG,VICTOR HUGO,1.0
2026-02-06|REMO|MIRASSOL,MIRASSOL,IGOR FORMIGA,1.0
2026-02-06|BAHIA|FLUMINENSE,BAHIA,ADEMIR,1.0
2026-02-06|RED BULL BRAGANTINO|ATLÉTICO-MG,ATLÉTICO-MG,EVERSON,1.0
2026-02-06|BAHIA|FLUMINENSE,BAHIA,WILLIAN JOSÉ,3.0
2026-02-06|FLAMENGO|INTERNACIONAL,FLAMENGO,ALEX SANDRO,1.0
2026-02-06|REMO|MIRASSOL,REMO,ZÉ RICARDO,1.0
2026-02-06|CRUZEIRO|CORITIBA,CRUZEIRO,FABRÍCIO BRUNO,1.0
2026-02-06|REMO|MIRASSOL,REMO,YAGO PIKACHU,1.0
2026-02-06|BAHIA|FLUMINENSE,BAHIA,DAVID DUARTE,2.0
2026-02-06|BAHIA|FLUMINENSE,BAHIA,JEAN LUCAS,1.0
2026-02-06|GRÊMIO|BOTAFOGO,BOTAFOGO,ARTHUR CABRAL,2.0
2026-02-06|VASCO|CHAPECOENSE,VASCO,BRENNER,1.0
2026-02-06|REMO|MIRASSOL,REMO,VITOR BUENO,1.0
2026-02-06|CRUZEIRO|CORITIBA,CORITIBA,KENO,1.0
2026-02-06|RED BULL BRAGANTINO|ATLÉTICO-MG,ATLÉTICO-MG,PRECIADO,1.0
2026-02-06|VASCO|CHAPECOENSE,CHAPECOENSE,RUBENS,1.0
2026-02-06|VASCO|CHAPECOENSE,CHAPECOENSE,DAVID,1.0
2026-02-06|FLAMENGO|INTERNACIONAL,FLAMENGO,DE LA CRUZ,1.0
2026-02-06|RED BULL BRAGANTINO|ATLÉTICO-MG,RED BULL BRAGANTINO,FABINHO,1.0
2026-02-06|RED BULL BRAGANTINO|ATLÉTICO-MG,RED BULL BRAGANTINO,ISIDRO PITTA,1.0
2026-02-17|FLUMINENSE|BOTAFOGO,BOTAFOGO,SANTI RODRÍGUEZ,3.0
2026-03-03|RED BULL BRAGANTINO|ATHLETICO-PR,RED BULL BRAGANTINO,LUCAS BARBOSA,2.0
2026-03-03|SANTOS|VASCO,VASCO,ANDRÉS GÓMEZ,5.0
2026-03-03|PALMEIRAS|FLUMINENSE,PALMEIRAS,MARLON FREITAS,1.0
2026-03-03|SANTOS|VASCO,VASCO,NUNO MOREIRA,5.0
2026-03-03|PALMEIRAS|FLUMINENSE,PALMEIRAS,GUSTAVO GÓMEZ,1.0
2026-03-03|REMO|INTERNACIONAL,INTERNACIONAL,BRUNO GOMES,7.0
2026-03-03|REMO|INTERNACIONAL,INTERNACIONAL,VITINHO,4.0
2026-03-03|REMO|INTERNACIONAL,INTERNACIONAL,AGUIRRE,1.0
2026-03-03|RED BULL BRAGANTINO|ATHLETICO-PR,RED BULL BRAGANTINO,JUNINHO CAPIXABA,2.0
2026-03-03|REMO|INTERNACIONAL,INTERNACIONAL,CARBONERO,3.0
2026-03-03|CORITIBA|SÃO PAULO,CORITIBA,TINGA,2.0
2026-03-03|GRÊMIO|ATLÉTICO-MG,ATLÉTICO-MG,VICTOR HUGO,3.0
2026-03-03|GRÊMIO|ATLÉTICO-MG,ATLÉTICO-MG,CUELLO,2.0
2026-03-03|SANTOS|VASCO,VASCO,LUCAS PITON,3.0
2026-03-03|CRUZEIRO|CORINTHIANS,CRUZEIRO,GERSON,1.0
2026-03-03|SANTOS|VASCO,VASCO,ROBERT RENAN,1.0
2026-03-03|GRÊMIO|ATLÉTICO-MG,ATLÉTICO-MG,ALAN FRANCO,1.0
2026-03-03|PALMEIRAS|FLUMINENSE,FLUMINENSE,FREYTES,1.0
2026-03-03|RED BULL BRAGANTINO|ATHLETICO-PR,RED BULL BRAGANTINO,GUSTAVINHO,3.0
2026-03-03|REMO|INTERNACIONAL,REMO,ALEF MANGA,3.0
2026-03-03|CORITIBA|SÃO PAULO,CORITIBA,WILLIAN OLIVEIRA,1.0
2026-03-03|PALMEIRAS|FLUMINENSE,PALMEIRAS,PIQUEREZ,2.0
2026-03-03|PALMEIRAS|FLUMINENSE,PALMEIRAS,MAURÍCIO,1.0
2026-03-03|PALMEIRAS|FLUMINENSE,FLUMINENSE,MARTINELLI,1.0
2026-03-03|SANTOS|VASCO,SANTOS,JOÃO SCHMIDT,1.0
2026-03-03|SANTOS|VASCO,SANTOS,GABRIEL BONTEMPO,2.0
2026-03-03|GRÊMIO|ATLÉTICO-MG,ATLÉTICO-MG,RENAN LODI,1.0
2026-03-03|PALMEIRAS|FLUMINENSE,PALMEIRAS,FLACO LÓPEZ,3.0
2026-03-03|REMO|INTERNACIONAL,REMO,YAGO PIKACHU,1.0
2026-03-03|PALMEIRAS|FLUMINENSE,PALMEIRAS,KHELLVEN,1.0
2026-03-03|SANTOS|VASCO,VASCO,THIAGO MENDES,4.0
2026-03-03|CORITIBA|SÃO PAULO,SÃO PAULO,MARCOS ANTÔNIO,2.0
2026-03-03|PALMEIRAS|FLUMINENSE,PALMEIRAS,MURILO,1.0
2026-03-03|CORITIBA|SÃO PAULO,SÃO PAULO,CALLERI,2.0
2026-03-03|CORITIBA|SÃO PAULO,SÃO PAULO,LUCAS MOURA,1.0
2026-03-03|CORITIBA|SÃO PAULO,CORITIBA,PEDRO ROCHA,2.0
2026-03-03|REMO|INTERNACIONAL,INTERNACIONAL,ALAN PATRICK,4.0
2026-03-03|REMO|INTERNACIONAL,REMO,JOÃO LUCAS,1.0
2026-03-03|GRÊMIO|ATLÉTICO-MG,ATLÉTICO-MG,DUDU,1.0
2026-03-03|CRUZEIRO|CORINTHIANS,CRUZEIRO,MATHEUS PEREIRA,5.0
2026-03-03|REMO|INTERNACIONAL,INTERNACIONAL,PAULINHO,3.0
2026-03-03|GRÊMIO|ATLÉTICO-MG,ATLÉTICO-MG,REINIER,3.0
2026-03-03|REMO|INTERNACIONAL,REMO,ZÉ RICARDO,3.0
2026-03-03|REMO|INTERNACIONAL,INTERNACIONAL,FÉLIX TORRES,1.0
2026-03-03|CRUZEIRO|CORINTHIANS,CRUZEIRO,KAIO JORGE,2.0
2026-03-03|SANTOS|VASCO,VASCO,JOHAN ROJAS,4.0
2026-03-03|CRUZEIRO|CORINTHIANS,CRUZEIRO,LUCAS SILVA,1.0
2026-03-03|SANTOS|VASCO,SANTOS,BARREAL,1.0
2026-03-03|PALMEIRAS|FLUMINENSE,PALMEIRAS,ANDREAS PEREIRA,4.0
2026-03-03|CORITIBA|SÃO PAULO,CORITIBA,BRENO LOPES,2.0
2026-03-03|PALMEIRAS|FLUMINENSE,FLUMINENSE,LUCHO ACOSTA,7.0
2026-03-03|CORITIBA|SÃO PAULO,CORITIBA,LUCAS RONIER,2.0
2026-03-03|GRÊMIO|ATLÉTICO-MG,ATLÉTICO-MG,MAYCON,1.0
2026-03-03|REMO|INTERNACIONAL,INTERNACIONAL,BERNABEI,9.0
2026-03-03|CORITIBA|SÃO PAULO,CORITIBA,LAVEGA,1.0
2026-03-03|GRÊMIO|ATLÉTICO-MG,GRÊMIO,MARLON,3.0
2026-03-03|CORITIBA|SÃO PAULO,CORITIBA,JACY,1.0
2026-03-03|REMO|INTERNACIONAL,REMO,LÉO ANDRADE,1.0
2026-03-03|GRÊMIO|ATLÉTICO-MG,GRÊMIO,PAVÓN,1.0
2026-02-17|SÃO PAULO|GRÊMIO,SÃO PAULO,ENZO DÍAZ,2.0
2026-03-03|GRÊMIO|ATLÉTICO-MG,GRÊMIO,NORIEGA,3.0
2026-02-17|FLUMINENSE|BOTAFOGO,FLUMINENSE,RENÊ,1.0
2026-02-17|FLUMINENSE|BOTAFOGO,FLUMINENSE,SAMUEL XAVIER,2.0
2026-03-03|RED BULL BRAGANTINO|ATHLETICO-PR,ATHLETICO-PR,SANTOS,1.0
2026-03-03|PALMEIRAS|FLUMINENSE,FLUMINENSE,GUILHERME ARANA,1.0
2026-02-17|VASCO|BAHIA,BAHIA,ERICK PULGA,1.0
2026-02-17|VASCO|BAHIA,BAHIA,ADEMIR,1.0
2026-02-17|ATLÉTICO-MG|REMO,ATLÉTICO-MG,BERNARD,1.0
2026-03-03|RED BULL BRAGANTINO|ATHLETICO-PR,RED BULL BRAGANTINO,ISIDRO PITTA,1.0
2026-03-03|RED BULL BRAGANTINO|ATHLETICO-PR,RED BULL BRAGANTINO,FABINHO,1.0
2026-02-20|ATHLETICO-PR|CORINTHIANS,CORINTHIANS,CARRILLO,1.0
2026-03-03|CRUZEIRO|CORINTHIANS,CORINTHIANS,CARRILLO,1.0
2026-03-03|GRÊMIO|ATLÉTICO-MG,GRÊMIO,GUSTAVO MARTINS,1.0
2026-02-17|ATLÉTICO-MG|REMO,ATLÉTICO-MG,IGOR GOMES,1.0
2026-02-17|FLUMINENSE|BOTAFOGO,BOTAFOGO,EDENÍLSON,1.0
2026-02-20|ATHLETICO-PR|CORINTHIANS,CORINTHIANS,GARRO,1.0
2026-03-03|CRUZEIRO|CORINTHIANS,CORINTHIANS,GARRO,2.0
2026-03-03|CRUZEIRO|CORINTHIANS,CORINTHIANS,RANIELE,1.0
2026-02-17|FLUMINENSE|BOTAFOGO,BOTAFOGO,ALEX TELLES,1.0
2026-02-17|FLUMINENSE|BOTAFOGO,BOTAFOGO,BARRERA,1.0
2026-03-03|RED BULL BRAGANTINO|ATHLETICO-PR,RED BULL BRAGANTINO,EDUARDO SASHA,1.0
2026-02-20|ATHLETICO-PR|CORINTHIANS,ATHLETICO-PR,VIVEROS,1.0
2026-03-03|RED BULL BRAGANTINO|ATHLETICO-PR,ATHLETICO-PR,VIVEROS,1.0
2026-02-17|SÃO PAULO|GRÊMIO,SÃO PAULO,SABINO,2.0
2026-02-17|CHAPECOENSE|CORITIBA,CHAPECOENSE,MARCINHO,1.0
2026-02-17|MIRASSOL|CRUZEIRO,MIRASSOL,EDUARDO,1.0
2026-02-17|MIRASSOL|CRUZEIRO,MIRASSOL,IGOR FORMIGA,2.0
2026-02-20|ATHLETICO-PR|CORINTHIANS,ATHLETICO-PR,MENDOZA,1.0
2026-03-03|RED BULL BRAGANTINO|ATHLETICO-PR,ATHLETICO-PR,MENDOZA,1.0
2026-02-20|ATHLETICO-PR|CORINTHIANS,ATHLETICO-PR,ZAPELLI,2.0
2026-03-03|RED BULL BRAGANTINO|ATHLETICO-PR,ATHLETICO-PR,ZAPELLI,2.0
2026-02-17|VASCO|BAHIA,VASCO,PUMA RODRÍGUEZ,1.0
2026-03-03|GRÊMIO|ATLÉTICO-MG,GRÊMIO,ENAMORADO,2.0
2026-03-03|CORITIBA|SÃO PAULO,CORITIBA,JOSUÉ,5.0
2026-02-17|CHAPECOENSE|CORITIBA,CORITIBA,BRUNO MELO,2.0
2026-02-17|VASCO|BAHIA,BAHIA,LUCIANO JUBA,1.0
2026-02-17|VASCO|BAHIA,BAHIA,EVERTON RIBEIRO,3.0
2026-02-17|CHAPECOENSE|CORITIBA,CHAPECOENSE,EVERTON,2.0
2026-03-03|REMO|INTERNACIONAL,REMO,PICCO,1.0
2026-02-20|ATHLETICO-PR|CORINTHIANS,ATHLETICO-PR,BENAVÍDEZ,1.0
2026-03-03|RED BULL BRAGANTINO|ATHLETICO-PR,ATHLETICO-PR,BENAVÍDEZ,2.0
2026-02-17|MIRASSOL|CRUZEIRO,MIRASSOL,NEGUEBA,2.0
2026-02-17|MIRASSOL|CRUZEIRO,MIRASSOL,ALDO FILHO,1.0
2026-03-03|RED BULL BRAGANTINO|ATHLETICO-PR,ATHLETICO-PR,ARTHUR DIAS,1.0
2026-03-03|RED BULL BRAGANTINO|ATHLETICO-PR,ATHLETICO-PR,DUDU,1.0
2026-02-17|ATHLETICO-PR|SANTOS,SANTOS,ROLLHEISER,1.0
2026-03-03|SANTOS|VASCO,VASCO,BRENNER,3.0
2026-03-03|SANTOS|VASCO,VASCO,MARINO HINESTROZA,1.0
2026-03-03|RED BULL BRAGANTINO|ATHLETICO-PR,ATHLETICO-PR,TERÁN,1.0
2026-03-03|REMO|INTERNACIONAL,REMO,VITOR BUENO,3.0
2026-03-03|SANTOS|VASCO,SANTOS,IGOR VINÍCIUS,2.0
2026-02-17|ATLÉTICO-MG|REMO,ATLÉTICO-MG,PRECIADO,1.0
2026-03-03|CORITIBA|SÃO PAULO,SÃO PAULO,LUAN,1.0
2026-02-20|ATHLETICO-PR|CORINTHIANS,ATHLETICO-PR,LUIZ GUSTAVO,1.0
2026-03-03|RED BULL BRAGANTINO|ATHLETICO-PR,ATHLETICO-PR,LUIZ GUSTAVO,1.0
2026-02-20|ATHLETICO-PR|CORINTHIANS,ATHLETICO-PR,LÉO DERIK,2.0
2026-02-20|ATHLETICO-PR|CORINTHIANS,ATHLETICO-PR,FELIPE CHIQUETI,1.0
2026-03-03|RED BULL BRAGANTINO|ATHLETICO-PR,ATHLETICO-PR,FELIPE CHIQUETI,1.0
2026-02-20|ATHLETICO-PR|CORINTHIANS,CORINTHIANS,ALLAN,1.0
2026-03-03|CRUZEIRO|CORINTHIANS,CORINTHIANS,ALLAN,1.0
2026-02-17|VITÓRIA|FLAMENGO,FLAMENGO,EVERTON,1.0
2026-03-03|PALMEIRAS|FLUMINENSE,FLUMINENSE,GUGA,4.0
2026-02-20|ATHLETICO-PR|CORINTHIANS,CORINTHIANS,MATHEUS BIDU,2.0
2026-03-03|SANTOS|VASCO,VASCO,PAULO HENRIQUE,2.0
2026-03-03|REMO|INTERNACIONAL,INTERNACIONAL,ALAN RODRÍGUEZ,1.0
2026-03-03|SANTOS|VASCO,SANTOS,THACIANO,2.0
2026-03-03|SANTOS|VASCO,SANTOS,MOISÉS,1.0
2026-03-03|REMO|INTERNACIONAL,INTERNACIONAL,KAYKY,1.0
2026-03-03|SANTOS|VASCO,VASCO,DAVID,1.0
2026-02-17|CHAPECOENSE|CORITIBA,CHAPECOENSE,GARCEZ,2.0
2026-03-03|SANTOS|VASCO,VASCO,SPINELLI,1.0
2026-03-03|CORITIBA|SÃO PAULO,SÃO PAULO,FERREIRA,2.0
2026-02-17|VITÓRIA|FLAMENGO,VITÓRIA,ERICK,3.0
2026-02-20|ATHLETICO-PR|CORINTHIANS,ATHLETICO-PR,ESQUIVEL,2.0
2026-03-03|RED BULL BRAGANTINO|ATHLETICO-PR,ATHLETICO-PR,ESQUIVEL,3.0
2026-02-17|VITÓRIA|FLAMENGO,FLAMENGO,ARRASCAETA,1.0
2026-03-03|GRÊMIO|ATLÉTICO-MG,ATLÉTICO-MG,CISSÉ,1.0
2026-02-17|VITÓRIA|FLAMENGO,VITÓRIA,DUDU,1.0
2026-03-03|PALMEIRAS|FLUMINENSE,FLUMINENSE,SAVARINO,1.0
2026-02-17|VITÓRIA|FLAMENGO,VITÓRIA,MATHEUZINHO,1.0
2026-03-03|CORITIBA|SÃO PAULO,CORITIBA,FELIPE JONATAN,1.0
2026-03-03|PALMEIRAS|FLUMINENSE,FLUMINENSE,SOTELDO,2.0
2026-02-20|ATHLETICO-PR|CORINTHIANS,ATHLETICO-PR,JOÃO CRUZ,1.0
2026-03-03|RED BULL BRAGANTINO|ATHLETICO-PR,ATHLETICO-PR,JOÃO CRUZ,1.0
2026-02-17|SÃO PAULO|GRÊMIO,SÃO PAULO,LUCAS RAMON,1.0
2026-03-03|SANTOS|VASCO,SANTOS,NEYMAR,2.0
2026-03-03|CRUZEIRO|CORINTHIANS,CORINTHIANS,ANGILERI,1.0
2026-03-03|GRÊMIO|ATLÉTICO-MG,GRÊMIO,GABRIEL MEC,1.0
2026-03-03|REMO|INTERNACIONAL,REMO,CUFRÉ,1.0
2026-03-03|CORITIBA|SÃO PAULO,SÃO PAULO,CAULY,3.0
2026-02-17|VITÓRIA|FLAMENGO,FLAMENGO,EMERSON ROYAL,1.0
2026-02-17|FLUMINENSE|BOTAFOGO,BOTAFOGO,VILLALBA,1.0
2026-03-03|CRUZEIRO|CORINTHIANS,CRUZEIRO,VILLALBA,1.0
2026-03-03|GRÊMIO|ATLÉTICO-MG,GRÊMIO,JEFINHO,1.0
2026-02-17|MIRASSOL|CRUZEIRO,CRUZEIRO,SINISTERRA,1.0
2026-03-13|SÃO PAULO|CHAPECOENSE,SÃO PAULO,BOBADILLA,2.0
2026-03-13|FLAMENGO|CRUZEIRO,CRUZEIRO,LUCAS SILVA,1.0
2026-03-13|VASCO|PALMEIRAS,VASCO,THIAGO MENDES,1.0
2026-03-13|VASCO|PALMEIRAS,VASCO,ANDRÉS GÓMEZ,1.0
2026-03-13|ATLÉTICO-MG|INTERNACIONAL,ATLÉTICO-MG,CUELLO,1.0
2026-03-13|ATLÉTICO-MG|INTERNACIONAL,INTERNACIONAL,ALAN PATRICK,7.0
2026-03-13|ATLÉTICO-MG|INTERNACIONAL,ATLÉTICO-MG,GUSTAVO SCARPA,1.0
2026-03-13|VASCO|PALMEIRAS,VASCO,NUNO MOREIRA,4.0
2026-03-13|FLAMENGO|CRUZEIRO,CRUZEIRO,MATHEUS PEREIRA,2.0
2026-03-13|SÃO PAULO|CHAPECOENSE,SÃO PAULO,CALLERI,3.0
2026-03-13|REMO|FLUMINENSE,FLUMINENSE,MARTINELLI,1.0
2026-03-13|ATLÉTICO-MG|INTERNACIONAL,INTERNACIONAL,AGUIRRE,1.0
2026-03-13|ATLÉTICO-MG|INTERNACIONAL,INTERNACIONAL,CARBONERO,1.0
2026-03-13|VASCO|PALMEIRAS,PALMEIRAS,MARLON FREITAS,3.0
2026-03-13|VASCO|PALMEIRAS,PALMEIRAS,GUSTAVO GÓMEZ,1.0
2026-03-13|ATLÉTICO-MG|INTERNACIONAL,INTERNACIONAL,VITINHO,1.0
2026-03-13|REMO|FLUMINENSE,FLUMINENSE,JOHN KENNEDY,1.0
2026-03-13|SÃO PAULO|CHAPECOENSE,SÃO PAULO,LUCAS MOURA,2.0
2026-03-13|REMO|FLUMINENSE,REMO,JOÃO LUCAS,1.0
2026-03-13|REMO|FLUMINENSE,REMO,ZÉ RICARDO,1.0
2026-03-13|REMO|FLUMINENSE,REMO,YAGO PIKACHU,1.0
2026-03-13|GRÊMIO|RED BULL BRAGANTINO,RED BULL BRAGANTINO,JUNINHO CAPIXABA,1.0
2026-03-13|ATLÉTICO-MG|INTERNACIONAL,INTERNACIONAL,BERNABEI,3.0
2026-03-13|REMO|FLUMINENSE,FLUMINENSE,LUCHO ACOSTA,4.0
2026-03-13|ATLÉTICO-MG|INTERNACIONAL,ATLÉTICO-MG,ALAN FRANCO,1.0
2026-03-13|ATLÉTICO-MG|INTERNACIONAL,ATLÉTICO-MG,RENAN LODI,1.0
2026-03-13|ATLÉTICO-MG|INTERNACIONAL,INTERNACIONAL,PAULINHO,2.0
2026-03-13|VASCO|PALMEIRAS,VASCO,JOHAN ROJAS,4.0
2026-03-13|GRÊMIO|RED BULL BRAGANTINO,RED BULL BRAGANTINO,HENRY MOSQUERA,1.0
2026-03-13|MIRASSOL|SANTOS,SANTOS,GABRIEL MENINO,1.0
2026-03-13|REMO|FLUMINENSE,FLUMINENSE,RENÊ,1.0
2026-03-13|CORINTHIANS|CORITIBA,CORINTHIANS,GARRO,1.0
2026-03-13|BAHIA|VITÓRIA,BAHIA,CRISTIAN OLIVERA,1.0
2026-03-13|REMO|FLUMINENSE,FLUMINENSE,CANOBBIO,2.0
2026-03-13|BAHIA|VITÓRIA,BAHIA,WILLIAN JOSÉ,3.0
2026-03-13|CORINTHIANS|CORITIBA,CORINTHIANS,VITINHO,2.0
2026-03-13|MIRASSOL|SANTOS,SANTOS,BARREAL,1.0
2026-03-13|SÃO PAULO|CHAPECOENSE,CHAPECOENSE,MARCINHO,1.0
2026-03-13|REMO|FLUMINENSE,REMO,VITOR BUENO,1.0
2026-03-13|BAHIA|VITÓRIA,BAHIA,LUCIANO JUBA,2.0
2026-03-13|SÃO PAULO|CHAPECOENSE,SÃO PAULO,LUCIANO,1.0
2026-03-13|MIRASSOL|SANTOS,SANTOS,RONY,6.0
2026-03-13|REMO|FLUMINENSE,FLUMINENSE,SAVARINO,2.0
2026-03-13|SÃO PAULO|CHAPECOENSE,CHAPECOENSE,RUBENS,1.0
2026-03-13|MIRASSOL|SANTOS,MIRASSOL,ALDO FILHO,1.0
2026-03-13|MIRASSOL|SANTOS,MIRASSOL,NEGUEBA,1.0
2026-03-13|VASCO|PALMEIRAS,PALMEIRAS,LUCAS EVANGELISTA,1.0
2026-03-13|FLAMENGO|CRUZEIRO,FLAMENGO,SAMUEL LINO,1.0
2026-03-13|BAHIA|VITÓRIA,VITÓRIA,RAMON,1.0
2026-03-13|BAHIA|VITÓRIA,VITÓRIA,BARALHAS,1.0
2026-03-13|BAHIA|VITÓRIA,VITÓRIA,CANTALAPIEDRA,1.0
2026-03-13|VASCO|PALMEIRAS,VASCO,DAVID,1.0
2026-03-13|CORINTHIANS|CORITIBA,CORINTHIANS,MATHEUS BIDU,2.0
2026-03-13|CORINTHIANS|CORITIBA,CORINTHIANS,ANDRÉ,1.0
2026-03-13|FLAMENGO|CRUZEIRO,FLAMENGO,ARRASCAETA,3.0
2026-03-13|FLAMENGO|CRUZEIRO,FLAMENGO,LÉO PEREIRA,1.0
2026-03-13|MIRASSOL|SANTOS,MIRASSOL,IGOR FORMIGA,6.0
2026-03-13|FLAMENGO|CRUZEIRO,FLAMENGO,PEDRO,1.0
2026-03-13|MIRASSOL|SANTOS,MIRASSOL,REINALDO,2.0
2026-03-13|CORINTHIANS|CORITIBA,CORINTHIANS,DIEGUINHO,1.0
2026-03-13|SÃO PAULO|CHAPECOENSE,SÃO PAULO,WENDELL,1.0
2026-03-13|VASCO|PALMEIRAS,VASCO,TCHÊ TCHÊ,1.0
2026-03-13|FLAMENGO|CRUZEIRO,FLAMENGO,LUCAS PAQUETÁ,3.0
2026-03-13|FLAMENGO|CRUZEIRO,FLAMENGO,EMERSON ROYAL,1.0
2026-03-13|BAHIA|VITÓRIA,VITÓRIA,NATHAN MENDES,1.0
2026-03-13|FLAMENGO|CRUZEIRO,CRUZEIRO,VILLALBA,1.0
2026-03-13|ATLÉTICO-MG|INTERNACIONAL,ATLÉTICO-MG,MINDA,1.0
2026-03-13|FLAMENGO|CRUZEIRO,CRUZEIRO,CHICO DA COSTA,1.0
2026-03-13|VASCO|PALMEIRAS,VASCO,ADSON,1.0
2026-03-13|MIRASSOL|SANTOS,SANTOS,GABRIEL,2.0
2026-03-13|BAHIA|VITÓRIA,BAHIA,DAVID MARTINS,1.0
2026-03-13|MIRASSOL|SANTOS,MIRASSOL,SHAYLON,2.0
2026-03-17|FLUMINENSE|ATHLETICO-PR,FLUMINENSE,LUCHO ACOSTA,5.0
2026-03-17|FLUMINENSE|ATHLETICO-PR,FLUMINENSE,JOHN KENNEDY,1.0
2026-03-17|CHAPECOENSE|GRÊMIO,GRÊMIO,PAVÓN,2.0
2026-03-17|CHAPECOENSE|GRÊMIO,GRÊMIO,CARLOS VINÍCIUS,1.0
2026-03-17|CRUZEIRO|VASCO,CRUZEIRO,GERSON,2.0
2026-03-17|CRUZEIRO|VASCO,CRUZEIRO,MATHEUS HENRIQUE,2.0
2026-03-17|INTERNACIONAL|BAHIA,INTERNACIONAL,CARBONERO,2.0
2026-03-17|PALMEIRAS|MIRASSOL,PALMEIRAS,MARLON FREITAS,1.0
2026-03-17|CRUZEIRO|VASCO,VASCO,NUNO MOREIRA,1.0
2026-03-17|CRUZEIRO|VASCO,CRUZEIRO,MATHEUS PEREIRA,3.0
2026-03-17|VITÓRIA|ATLÉTICO-MG,ATLÉTICO-MG,REINIER,1.0
2026-03-17|CORITIBA|REMO,REMO,ALEF MANGA,3.0
2026-03-17|INTERNACIONAL|BAHIA,INTERNACIONAL,ALAN PATRICK,2.0
2026-03-17|VITÓRIA|ATLÉTICO-MG,ATLÉTICO-MG,RENAN LODI,2.0
2026-03-17|RED BULL BRAGANTINO|SÃO PAULO,RED BULL BRAGANTINO,CLEITON,1.0
2026-03-17|RED BULL BRAGANTINO|SÃO PAULO,RED BULL BRAGANTINO,ANDRÉS HURTADO,1.0
2026-03-17|RED BULL BRAGANTINO|SÃO PAULO,RED BULL BRAGANTINO,GUSTAVINHO,5.0
2026-03-17|RED BULL BRAGANTINO|SÃO PAULO,RED BULL BRAGANTINO,LUCAS BARBOSA,1.0
2026-03-17|RED BULL BRAGANTINO|SÃO PAULO,RED BULL BRAGANTINO,HENRY MOSQUERA,3.0
2026-03-17|VITÓRIA|ATLÉTICO-MG,ATLÉTICO-MG,ALAN FRANCO,2.0
2026-03-17|VITÓRIA|ATLÉTICO-MG,ATLÉTICO-MG,GUSTAVO SCARPA,1.0
2026-03-17|VITÓRIA|ATLÉTICO-MG,ATLÉTICO-MG,DUDU,1.0
2026-03-17|FLUMINENSE|ATHLETICO-PR,FLUMINENSE,MARTINELLI,1.0
2026-03-17|CRUZEIRO|VASCO,VASCO,ROBERT RENAN,2.0
2026-03-17|INTERNACIONAL|BAHIA,INTERNACIONAL,BERNABEI,1.0
2026-03-17|PALMEIRAS|MIRASSOL,PALMEIRAS,ALLAN,3.0
2026-03-17|CORITIBA|REMO,REMO,ZÉ RICARDO,1.0
2026-03-17|RED BULL BRAGANTINO|SÃO PAULO,RED BULL BRAGANTINO,MATHEUS FERNANDES,1.0
2026-02-17|CORINTHIANS|RED BULL BRAGANTINO,RED BULL BRAGANTINO,PEDRO HENRIQUE,1.0
2026-03-17|RED BULL BRAGANTINO|SÃO PAULO,RED BULL BRAGANTINO,GABRIEL,1.0
2026-03-17|RED BULL BRAGANTINO|SÃO PAULO,RED BULL BRAGANTINO,EDUARDO SASHA,3.0
2026-03-17|INTERNACIONAL|BAHIA,BAHIA,ERICK,1.0
2026-03-17|CHAPECOENSE|GRÊMIO,CHAPECOENSE,ÍTALO,1.0
2026-03-17|INTERNACIONAL|BAHIA,BAHIA,CRISTIAN OLIVERA,1.0
2026-03-17|PALMEIRAS|MIRASSOL,PALMEIRAS,MAURÍCIO,1.0
2026-03-17|PALMEIRAS|MIRASSOL,PALMEIRAS,PIQUEREZ,1.0
2026-03-17|CORITIBA|REMO,CORITIBA,JOSUÉ,1.0
2026-03-17|FLUMINENSE|ATHLETICO-PR,FLUMINENSE,SAMUEL XAVIER,1.0
2026-03-17|PALMEIRAS|MIRASSOL,PALMEIRAS,GIAY,1.0
2026-03-17|CRUZEIRO|VASCO,CRUZEIRO,ARROYO,1.0
2026-03-17|CRUZEIRO|VASCO,CRUZEIRO,WANDERSON,1.0
2026-03-17|CHAPECOENSE|GRÊMIO,GRÊMIO,AMUZU,2.0
2026-03-17|RED BULL BRAGANTINO|SÃO PAULO,SÃO PAULO,LUCIANO,1.0
2026-03-17|INTERNACIONAL|BAHIA,BAHIA,LUCIANO JUBA,1.0
2026-03-17|CHAPECOENSE|GRÊMIO,GRÊMIO,NORIEGA,2.0
2026-03-17|CHAPECOENSE|GRÊMIO,GRÊMIO,ENAMORADO,1.0
2026-03-17|CORITIBA|REMO,REMO,VITOR BUENO,4.0
2026-03-17|BOTAFOGO|FLAMENGO,FLAMENGO,SAMUEL LINO,2.0
2026-03-17|FLUMINENSE|ATHLETICO-PR,FLUMINENSE,GUILHERME ARANA,1.0
2026-03-17|RED BULL BRAGANTINO|SÃO PAULO,RED BULL BRAGANTINO,HERRERA,1.0
2026-03-17|INTERNACIONAL|BAHIA,INTERNACIONAL,BRUNO HENRIQUE,1.0
2026-03-17|BOTAFOGO|FLAMENGO,FLAMENGO,CARRASCAL,3.0
2026-03-17|FLUMINENSE|ATHLETICO-PR,FLUMINENSE,HÉRCULES,2.0
2026-03-17|SANTOS|CORINTHIANS,CORINTHIANS,MATHEUZINHO,1.0
2026-03-17|BOTAFOGO|FLAMENGO,BOTAFOGO,VITINHO,1.0
2026-03-17|CHAPECOENSE|GRÊMIO,CHAPECOENSE,BOLASIE,1.0
2026-03-17|VITÓRIA|ATLÉTICO-MG,VITÓRIA,RAMON,2.0
2026-03-17|SANTOS|CORINTHIANS,CORINTHIANS,BRENO BIDON,1.0
2026-03-17|CRUZEIRO|VASCO,CRUZEIRO,WILLIAM,2.0
2026-03-17|FLUMINENSE|ATHLETICO-PR,FLUMINENSE,SAVARINO,2.0
2026-03-17|CORITIBA|REMO,REMO,PATRICK,1.0
2026-03-17|CRUZEIRO|VASCO,VASCO,PUMA RODRÍGUEZ,1.0
2026-03-17|PALMEIRAS|MIRASSOL,MIRASSOL,ALDO FILHO,3.0
2026-03-17|CRUZEIRO|VASCO,VASCO,PAULO HENRIQUE,1.0
2026-03-17|SANTOS|CORINTHIANS,SANTOS,ROLLHEISER,1.0
2026-03-17|PALMEIRAS|MIRASSOL,MIRASSOL,IGOR FORMIGA,2.0
2026-03-17|VITÓRIA|ATLÉTICO-MG,VITÓRIA,MATHEUZINHO,2.0
2026-03-17|VITÓRIA|ATLÉTICO-MG,VITÓRIA,BARALHAS,2.0
2026-03-17|BOTAFOGO|FLAMENGO,FLAMENGO,PEDRO,1.0
2026-03-17|CHAPECOENSE|GRÊMIO,CHAPECOENSE,GIOVANNI AUGUSTO,1.0
2026-03-17|CRUZEIRO|VASCO,VASCO,TCHÊ TCHÊ,1.0
2026-03-17|CHAPECOENSE|GRÊMIO,GRÊMIO,MONSALVE,2.0
2026-03-17|CORITIBA|REMO,CORITIBA,JP CHERMONT,1.0
2026-03-17|VITÓRIA|ATLÉTICO-MG,ATLÉTICO-MG,MINDA,1.0
2026-03-17|BOTAFOGO|FLAMENGO,FLAMENGO,JORGINHO,3.0
2026-03-17|FLUMINENSE|ATHLETICO-PR,FLUMINENSE,SOTELDO,2.0
2026-03-17|CRUZEIRO|VASCO,CRUZEIRO,VILLALBA,1.0
2026-03-17|INTERNACIONAL|BAHIA,BAHIA,RODRIGO NESTOR,4.0
2026-03-17|BOTAFOGO|FLAMENGO,FLAMENGO,LUCAS PAQUETÁ,3.0
2026-03-17|CHAPECOENSE|GRÊMIO,GRÊMIO,GABRIEL MEC,1.0
2026-03-17|PALMEIRAS|MIRASSOL,PALMEIRAS,ARTHUR,1.0
2026-03-17|CHAPECOENSE|GRÊMIO,GRÊMIO,NARDONI,1.0
2026-03-17|CRUZEIRO|VASCO,VASCO,CUIABANO,1.0
2026-03-17|CRUZEIRO|VASCO,CRUZEIRO,CHICO DA COSTA,1.0
2026-03-17|BOTAFOGO|FLAMENGO,FLAMENGO,LUIZ ARAÚJO,1.0
2026-03-17|RED BULL BRAGANTINO|SÃO PAULO,RED BULL BRAGANTINO,RODRIGUINHO,3.0
2026-03-17|CHAPECOENSE|GRÊMIO,CHAPECOENSE,DAVID,1.0
2026-03-17|FLUMINENSE|ATHLETICO-PR,FLUMINENSE,RODRIGO CASTILLO,1.0
2026-03-13|GRÊMIO|RED BULL BRAGANTINO,GRÊMIO,ROGER,1.0
2026-03-17|CHAPECOENSE|GRÊMIO,GRÊMIO,CAIO PAULISTA,2.0
2026-03-17|SANTOS|CORINTHIANS,SANTOS,NEYMAR,2.0
2026-03-17|CRUZEIRO|VASCO,VASCO,LUCAS FREITAS,1.0
2026-03-17|BOTAFOGO|FLAMENGO,BOTAFOGO,MEDINA,1.0
2026-03-17|PALMEIRAS|MIRASSOL,MIRASSOL,ANDRÉ LUIS,1.0
2026-03-17|INTERNACIONAL|BAHIA,INTERNACIONAL,MATHEUS BAHIA,1.0
2026-03-17|PALMEIRAS|MIRASSOL,MIRASSOL,VICTOR LUIS,2.0
2026-03-17|SANTOS|CORINTHIANS,SANTOS,GUSTAVO HENRIQUE,1.0
2026-03-17|CRUZEIRO|VASCO,VASCO,JP,1.0
2026-03-17|SANTOS|CORINTHIANS,SANTOS,OLIVA,1.0
2026-03-20|SANTOS|INTERNACIONAL,INTERNACIONAL,VITINHO,2.0
2026-03-20|SANTOS|INTERNACIONAL,INTERNACIONAL,BRUNO GOMES,4.0
2026-03-20|PALMEIRAS|BOTAFOGO,PALMEIRAS,MARLON FREITAS,4.0
2026-03-20|PALMEIRAS|BOTAFOGO,PALMEIRAS,FLACO LÓPEZ,1.0
2026-03-20|ATLÉTICO-MG|SÃO PAULO,SÃO PAULO,MARCOS ANTÔNIO,1.0
2026-03-20|SANTOS|INTERNACIONAL,INTERNACIONAL,AGUIRRE,1.0
2026-03-20|GRÊMIO|VITÓRIA,GRÊMIO,PAVÓN,1.0
2026-03-20|ATLÉTICO-MG|SÃO PAULO,ATLÉTICO-MG,CUELLO,1.0
2026-03-20|ATLÉTICO-MG|SÃO PAULO,ATLÉTICO-MG,ALAN FRANCO,1.0
2026-03-20|MIRASSOL|CORITIBA,CORITIBA,BRENO LOPES,2.0
2026-03-20|BAHIA|RED BULL BRAGANTINO,RED BULL BRAGANTINO,HENRY MOSQUERA,1.0
2026-03-20|ATLÉTICO-MG|SÃO PAULO,SÃO PAULO,BOBADILLA,3.0
2026-03-20|ATLÉTICO-MG|SÃO PAULO,ATLÉTICO-MG,RENAN LODI,1.0
2026-03-20|MIRASSOL|CORITIBA,CORITIBA,LAVEGA,1.0
2026-03-20|ATHLETICO-PR|CRUZEIRO,CRUZEIRO,FABRÍCIO BRUNO,1.0
2026-03-20|FLAMENGO|REMO,REMO,ZÉ RICARDO,1.0
2026-03-20|VASCO|FLUMINENSE,FLUMINENSE,LUCHO ACOSTA,1.0
2026-03-20|FLAMENGO|REMO,REMO,ALEF MANGA,2.0
2026-03-20|PALMEIRAS|BOTAFOGO,PALMEIRAS,ANDREAS PEREIRA,1.0
2026-03-20|MIRASSOL|CORITIBA,CORITIBA,PEDRO ROCHA,1.0
2026-03-20|VASCO|FLUMINENSE,VASCO,ROBERT RENAN,1.0
2026-03-20|VASCO|FLUMINENSE,VASCO,ANDRÉS GÓMEZ,2.0
2026-03-20|SANTOS|INTERNACIONAL,SANTOS,GABRIEL MENINO,1.0
2026-03-20|BAHIA|RED BULL BRAGANTINO,BAHIA,JEAN LUCAS,2.0
2026-03-20|BAHIA|RED BULL BRAGANTINO,RED BULL BRAGANTINO,EDUARDO SASHA,1.0
2026-03-20|BAHIA|RED BULL BRAGANTINO,BAHIA,ERICK PULGA,2.0
2026-03-20|BAHIA|RED BULL BRAGANTINO,BAHIA,ACEVEDO,1.0
2026-03-20|SANTOS|INTERNACIONAL,INTERNACIONAL,FÉLIX TORRES,1.0
2026-03-20|MIRASSOL|CORITIBA,CORITIBA,BRUNO MELO,1.0
2026-03-20|MIRASSOL|CORITIBA,CORITIBA,WILLIAN OLIVEIRA,1.0
2026-03-20|MIRASSOL|CORITIBA,CORITIBA,JOSUÉ,1.0
2026-03-20|MIRASSOL|CORITIBA,CORITIBA,TIAGO CÓSER,1.0
2026-03-20|CHAPECOENSE|CORINTHIANS,CHAPECOENSE,MARCINHO,1.0
2026-03-20|CHAPECOENSE|CORINTHIANS,CHAPECOENSE,EDUARDO DOMA,1.0
2026-03-20|SANTOS|INTERNACIONAL,INTERNACIONAL,ALERRANDRO,1.0
2026-03-20|CHAPECOENSE|CORINTHIANS,CORINTHIANS,GARRO,2.0
2026-03-20|ATHLETICO-PR|CRUZEIRO,CRUZEIRO,ARROYO,1.0
2026-03-20|GRÊMIO|VITÓRIA,GRÊMIO,AMUZU,1.0
2026-03-20|VASCO|FLUMINENSE,FLUMINENSE,CANOBBIO,1.0
2026-03-20|GRÊMIO|VITÓRIA,GRÊMIO,MARLON,2.0
2026-03-20|PALMEIRAS|BOTAFOGO,PALMEIRAS,GIAY,1.0
2026-03-20|ATLÉTICO-MG|SÃO PAULO,SÃO PAULO,DANIELZINHO,3.0
2026-03-20|CHAPECOENSE|CORINTHIANS,CHAPECOENSE,ÍTALO,1.0
2026-03-20|GRÊMIO|VITÓRIA,GRÊMIO,NORIEGA,1.0
2026-03-20|ATLÉTICO-MG|SÃO PAULO,SÃO PAULO,LUCIANO,1.0
2026-03-20|BAHIA|RED BULL BRAGANTINO,BAHIA,LUCIANO JUBA,3.0
2026-03-20|VASCO|FLUMINENSE,VASCO,JOHAN ROJAS,2.0
2026-03-20|FLAMENGO|REMO,REMO,VITOR BUENO,1.0
2026-03-20|SANTOS|INTERNACIONAL,SANTOS,BARREAL,1.0
2026-03-20|ATLÉTICO-MG|SÃO PAULO,SÃO PAULO,ENZO DÍAZ,1.0
2026-03-20|CHAPECOENSE|CORINTHIANS,CORINTHIANS,VITINHO,2.0
2026-03-20|MIRASSOL|CORITIBA,MIRASSOL,ALESSON,1.0
2026-03-20|ATHLETICO-PR|CRUZEIRO,ATHLETICO-PR,BENAVÍDEZ,1.0
2026-03-20|MIRASSOL|CORITIBA,MIRASSOL,NEGUEBA,8.0
2026-03-20|FLAMENGO|REMO,FLAMENGO,VARELA,1.0
2026-03-20|MIRASSOL|CORITIBA,CORITIBA,WALLISSON,1.0
2026-03-20|FLAMENGO|REMO,FLAMENGO,LÉO ORTIZ,1.0
2026-03-20|VASCO|FLUMINENSE,FLUMINENSE,SAVARINO,3.0
2026-03-20|FLAMENGO|REMO,FLAMENGO,PEDRO,1.0
2026-03-20|MIRASSOL|CORITIBA,MIRASSOL,ALDO FILHO,4.0
2026-03-20|BAHIA|RED BULL BRAGANTINO,RED BULL BRAGANTINO,ALIX VINICIUS,1.0
2026-03-20|SANTOS|INTERNACIONAL,SANTOS,RONY,1.0
2026-03-20|CHAPECOENSE|CORINTHIANS,CORINTHIANS,ALLAN,2.0
2026-03-20|FLAMENGO|REMO,FLAMENGO,CARRASCAL,1.0
2026-03-20|CHAPECOENSE|CORINTHIANS,CHAPECOENSE,BRUNO LEONARDO,1.0
2026-03-20|CHAPECOENSE|CORINTHIANS,CHAPECOENSE,BOLASIE,1.0
2026-03-20|SANTOS|INTERNACIONAL,INTERNACIONAL,BRUNO HENRIQUE,1.0
2026-03-20|GRÊMIO|VITÓRIA,VITÓRIA,MATHEUZINHO,1.0
2026-03-20|VASCO|FLUMINENSE,VASCO,PAULO HENRIQUE,2.0
2026-03-20|VASCO|FLUMINENSE,FLUMINENSE,RENÊ,1.0
2026-03-20|GRÊMIO|VITÓRIA,VITÓRIA,BARALHAS,4.0
2026-03-20|ATHLETICO-PR|CRUZEIRO,ATHLETICO-PR,MENDOZA,1.0
2026-03-20|MIRASSOL|CORITIBA,MIRASSOL,WILLIAN MACHADO,1.0
2026-03-20|PALMEIRAS|BOTAFOGO,PALMEIRAS,LUCAS EVANGELISTA,1.0
2026-03-20|SANTOS|INTERNACIONAL,SANTOS,IGOR VINÍCIUS,1.0
2026-03-20|PALMEIRAS|BOTAFOGO,BOTAFOGO,MONTORO,3.0
2026-03-20|BAHIA|RED BULL BRAGANTINO,RED BULL BRAGANTINO,VINICINHO,2.0
2026-03-20|PALMEIRAS|BOTAFOGO,PALMEIRAS,FELIPE ANDERSON,1.0
2026-03-20|PALMEIRAS|BOTAFOGO,PALMEIRAS,ARTHUR,1.0
2026-03-20|ATLÉTICO-MG|SÃO PAULO,ATLÉTICO-MG,BERNARD,1.0
2026-03-20|BAHIA|RED BULL BRAGANTINO,BAHIA,EVERALDO,2.0
2026-03-20|ATHLETICO-PR|CRUZEIRO,ATHLETICO-PR,ESQUIVEL,3.0
2026-03-20|FLAMENGO|REMO,FLAMENGO,JORGINHO,1.0
2026-03-20|VASCO|FLUMINENSE,VASCO,SALDIVIA,3.0
2026-03-20|FLAMENGO|REMO,REMO,MARCELINHO,1.0
2026-03-20|GRÊMIO|VITÓRIA,GRÊMIO,GABRIEL MEC,1.0
2026-03-20|BAHIA|RED BULL BRAGANTINO,BAHIA,MICHEL ARAÚJO,1.0
2026-03-20|FLAMENGO|REMO,REMO,JAJÁ,1.0
2026-03-20|ATHLETICO-PR|CRUZEIRO,CRUZEIRO,VILLARREAL,1.0
2026-03-20|ATLÉTICO-MG|SÃO PAULO,SÃO PAULO,ANDRÉ SILVA,1.0
2026-03-20|SANTOS|INTERNACIONAL,SANTOS,MOISÉS,1.0
2026-03-20|CHAPECOENSE|CORINTHIANS,CORINTHIANS,YURI ALBERTO,1.0
2026-03-20|VASCO|FLUMINENSE,FLUMINENSE,OTÁVIO,1.0
2026-03-20|FLAMENGO|REMO,FLAMENGO,LUIZ ARAÚJO,1.0
2026-03-20|FLAMENGO|REMO,FLAMENGO,EMERSON ROYAL,1.0
2026-03-20|BAHIA|RED BULL BRAGANTINO,RED BULL BRAGANTINO,RODRIGUINHO,1.0
2026-03-20|VASCO|FLUMINENSE,FLUMINENSE,IGNÁCIO,1.0
2026-03-20|CHAPECOENSE|CORINTHIANS,CORINTHIANS,ANGILERI,2.0
2026-03-20|SANTOS|INTERNACIONAL,SANTOS,NEYMAR,2.0
2026-03-20|GRÊMIO|VITÓRIA,VITÓRIA,ANDERSON PATO,1.0
2026-03-20|MIRASSOL|CORITIBA,MIRASSOL,VICTOR LUIS,1.0
2026-03-20|BAHIA|RED BULL BRAGANTINO,RED BULL BRAGANTINO,RYAN AUGUSTO,5.0
2026-03-20|SANTOS|INTERNACIONAL,INTERNACIONAL,MATHEUS BAHIA,1.0
2026-03-20|CHAPECOENSE|CORINTHIANS,CORINTHIANS,MILANS,1.0
2026-03-20|BAHIA|RED BULL BRAGANTINO,RED BULL BRAGANTINO,CAUÊ,1.0
2026-03-23|INTERNACIONAL|CHAPECOENSE,INTERNACIONAL,BRUNO GOMES,1.0
2026-03-23|FLUMINENSE|ATLÉTICO-MG,FLUMINENSE,MARTINELLI,2.0
2026-03-23|SÃO PAULO|PALMEIRAS,PALMEIRAS,MARLON FREITAS,1.0
2026-03-23|INTERNACIONAL|CHAPECOENSE,INTERNACIONAL,VITINHO,1.0
2026-03-23|FLUMINENSE|ATLÉTICO-MG,ATLÉTICO-MG,VICTOR HUGO,2.0
2026-03-23|REMO|BAHIA,REMO,MARLLON,1.0
2026-03-23|VASCO|GRÊMIO,GRÊMIO,PAVÓN,1.0
2026-03-23|REMO|BAHIA,REMO,YAGO PIKACHU,1.0
2026-03-23|RED BULL BRAGANTINO|BOTAFOGO,RED BULL BRAGANTINO,HENRY MOSQUERA,1.0
2026-03-23|FLUMINENSE|ATLÉTICO-MG,ATLÉTICO-MG,CUELLO,1.0
2026-03-23|REMO|BAHIA,REMO,ALEF MANGA,3.0
2026-03-23|REMO|BAHIA,REMO,ZÉ RICARDO,2.0
2026-03-23|ATHLETICO-PR|CORITIBA,CORITIBA,LAVEGA,1.0
2026-03-23|SÃO PAULO|PALMEIRAS,PALMEIRAS,ANDREAS PEREIRA,1.0
2026-03-23|FLUMINENSE|ATLÉTICO-MG,FLUMINENSE,LUCHO ACOSTA,1.0
2026-03-23|INTERNACIONAL|CHAPECOENSE,CHAPECOENSE,ÍTALO,1.0
2026-03-23|SÃO PAULO|PALMEIRAS,PALMEIRAS,MAURÍCIO,1.0
2026-03-23|REMO|BAHIA,REMO,VITOR BUENO,1.0
2026-03-23|REMO|BAHIA,BAHIA,ADEMIR,1.0
2026-03-23|RED BULL BRAGANTINO|BOTAFOGO,RED BULL BRAGANTINO,ANDRÉS HURTADO,1.0
2026-03-23|REMO|BAHIA,BAHIA,LUCIANO JUBA,3.0
2026-03-23|VASCO|GRÊMIO,GRÊMIO,ENAMORADO,1.0
2026-03-23|CRUZEIRO|SANTOS,CRUZEIRO,ARROYO,1.0
2026-03-23|RED BULL BRAGANTINO|BOTAFOGO,RED BULL BRAGANTINO,JUNINHO CAPIXABA,2.0
2026-03-23|FLUMINENSE|ATLÉTICO-MG,FLUMINENSE,GANSO,1.0
2026-03-23|FLUMINENSE|ATLÉTICO-MG,FLUMINENSE,CANOBBIO,1.0
2026-03-23|CORINTHIANS|FLAMENGO,CORINTHIANS,GARRO,1.0
2026-03-23|INTERNACIONAL|CHAPECOENSE,INTERNACIONAL,ALERRANDRO,1.0
2026-03-23|INTERNACIONAL|CHAPECOENSE,INTERNACIONAL,PAULINHO,1.0
2026-03-23|CRUZEIRO|SANTOS,SANTOS,GABRIEL MENINO,1.0
2026-03-23|RED BULL BRAGANTINO|BOTAFOGO,RED BULL BRAGANTINO,GUSTAVINHO,2.0
2026-03-23|RED BULL BRAGANTINO|BOTAFOGO,RED BULL BRAGANTINO,ISIDRO PITTA,1.0
2026-03-23|INTERNACIONAL|CHAPECOENSE,INTERNACIONAL,BERNABEI,2.0
2026-03-23|CRUZEIRO|SANTOS,SANTOS,BARREAL,1.0
2026-03-23|INTERNACIONAL|CHAPECOENSE,INTERNACIONAL,ALAN PATRICK,1.0
2026-03-23|VASCO|GRÊMIO,VASCO,THIAGO MENDES,3.0
2026-03-23|RED BULL BRAGANTINO|BOTAFOGO,RED BULL BRAGANTINO,LUCAS BARBOSA,1.0
2026-03-23|REMO|BAHIA,BAHIA,JEAN LUCAS,1.0
2026-03-23|REMO|BAHIA,BAHIA,ERICK PULGA,1.0
2026-03-23|RED BULL BRAGANTINO|BOTAFOGO,RED BULL BRAGANTINO,GUSTAVO MARQUES,2.0
2026-03-23|VITÓRIA|MIRASSOL,VITÓRIA,ERICK,3.0
2026-03-23|CORINTHIANS|FLAMENGO,FLAMENGO,ALEX SANDRO,1.0
2026-03-23|CORINTHIANS|FLAMENGO,CORINTHIANS,MATHEUZINHO,1.0
2026-03-23|RED BULL BRAGANTINO|BOTAFOGO,RED BULL BRAGANTINO,MATHEUS FERNANDES,1.0
2026-03-23|CORINTHIANS|FLAMENGO,FLAMENGO,CARRASCAL,1.0
2026-03-23|FLUMINENSE|ATLÉTICO-MG,FLUMINENSE,SAVARINO,1.0
2026-03-23|INTERNACIONAL|CHAPECOENSE,CHAPECOENSE,GIOVANNI AUGUSTO,2.0
2026-03-23|CRUZEIRO|SANTOS,SANTOS,RONY,1.0
2026-03-23|VITÓRIA|MIRASSOL,MIRASSOL,NEGUEBA,2.0
2026-03-23|VITÓRIA|MIRASSOL,MIRASSOL,ALESSON,1.0
2026-03-23|VITÓRIA|MIRASSOL,VITÓRIA,BARALHAS,1.0
2026-03-23|VASCO|GRÊMIO,VASCO,PAULO HENRIQUE,1.0
2026-03-23|ATHLETICO-PR|CORITIBA,ATHLETICO-PR,BENAVÍDEZ,1.0
2026-03-30|ATHLETICO-PR|BOTAFOGO,ATHLETICO-PR,BENAVÍDEZ,1.0
2026-03-23|VITÓRIA|MIRASSOL,VITÓRIA,RAMON,1.0
2026-03-23|RED BULL BRAGANTINO|BOTAFOGO,RED BULL BRAGANTINO,IGNACIO SOSA,2.0
2026-03-30|ATHLETICO-PR|BOTAFOGO,BOTAFOGO,MATHEUS MARTINS,1.0
2026-03-23|CORINTHIANS|FLAMENGO,CORINTHIANS,BRENO BIDON,3.0
2026-03-23|CRUZEIRO|SANTOS,CRUZEIRO,WILLIAM,2.0
2026-03-23|FLUMINENSE|ATLÉTICO-MG,FLUMINENSE,HÉRCULES,3.0
2026-03-23|VASCO|GRÊMIO,GRÊMIO,WILLIAN,1.0
2026-03-23|SÃO PAULO|PALMEIRAS,PALMEIRAS,PIQUEREZ,1.0
2026-03-23|REMO|BAHIA,REMO,PATRICK,1.0
2026-03-23|VASCO|GRÊMIO,GRÊMIO,TETÊ,1.0
2026-03-23|VITÓRIA|MIRASSOL,MIRASSOL,WILLIAN MACHADO,1.0
2026-03-23|FLUMINENSE|ATLÉTICO-MG,ATLÉTICO-MG,PRECIADO,1.0
2026-03-23|SÃO PAULO|PALMEIRAS,SÃO PAULO,FERREIRA,1.0
2026-03-23|VITÓRIA|MIRASSOL,MIRASSOL,NETO MOURA,2.0
2026-03-23|CORINTHIANS|FLAMENGO,FLAMENGO,LUCAS PAQUETÁ,1.0
2026-03-23|FLUMINENSE|ATLÉTICO-MG,ATLÉTICO-MG,CASSIERRA,1.0
2026-03-30|ATHLETICO-PR|BOTAFOGO,ATHLETICO-PR,DUDU,1.0
2026-03-23|CORINTHIANS|FLAMENGO,FLAMENGO,JORGINHO,1.0
2026-03-23|ATHLETICO-PR|CORITIBA,CORITIBA,JP CHERMONT,1.0
2026-03-23|CORINTHIANS|FLAMENGO,CORINTHIANS,MATHEUS BIDU,2.0
2026-03-23|INTERNACIONAL|CHAPECOENSE,INTERNACIONAL,MERCADO,1.0
2026-03-23|INTERNACIONAL|CHAPECOENSE,CHAPECOENSE,RUBENS,2.0
2026-03-23|VITÓRIA|MIRASSOL,MIRASSOL,REINALDO,3.0
2026-03-23|VITÓRIA|MIRASSOL,MIRASSOL,GALEANO,1.0
2026-03-23|VITÓRIA|MIRASSOL,VITÓRIA,RENATO KAYZER,1.0
2026-03-23|VASCO|GRÊMIO,VASCO,MARINO HINESTROZA,1.0
2026-03-23|CORINTHIANS|FLAMENGO,FLAMENGO,EVERTTON ARAÚJO,1.0
2026-03-23|FLUMINENSE|ATLÉTICO-MG,ATLÉTICO-MG,IGOR GOMES,1.0
2026-03-23|VASCO|GRÊMIO,GRÊMIO,CAIO PAULISTA,1.0
2026-03-23|SÃO PAULO|PALMEIRAS,SÃO PAULO,LUCAS RAMON,1.0
2026-03-23|FLUMINENSE|ATLÉTICO-MG,FLUMINENSE,RODRIGO CASTILLO,2.0
2026-03-23|FLUMINENSE|ATLÉTICO-MG,ATLÉTICO-MG,MINDA,1.0
2026-03-23|CORINTHIANS|FLAMENGO,CORINTHIANS,YURI ALBERTO,1.0
2026-03-23|REMO|BAHIA,REMO,TCHAMBA,1.0
2026-03-23|RED BULL BRAGANTINO|BOTAFOGO,BOTAFOGO,MATEO PONTE,1.0
2026-03-23|SÃO PAULO|PALMEIRAS,SÃO PAULO,ARTUR,1.0
2026-03-23|VITÓRIA|MIRASSOL,MIRASSOL,SHAYLON,1.0
2026-03-23|VITÓRIA|MIRASSOL,VITÓRIA,ANDERSON PATO,1.0
2026-03-23|RED BULL BRAGANTINO|BOTAFOGO,RED BULL BRAGANTINO,DAVI GOMES,2.0
2026-03-23|CRUZEIRO|SANTOS,SANTOS,GUSTAVO HENRIQUE,1.0
2026-03-23|VITÓRIA|MIRASSOL,MIRASSOL,DENILSON,1.0
2026-03-23|ATHLETICO-PR|CORITIBA,CORITIBA,RENATO MARQUES,1.0
2026-03-23|INTERNACIONAL|CHAPECOENSE,CHAPECOENSE,BRUNO PACHECO,1.0
2026-04-03|FLUMINENSE|CORINTHIANS,FLUMINENSE,SERNA,3.0
2026-04-03|FLUMINENSE|CORINTHIANS,FLUMINENSE,MARTINELLI,1.0
2026-04-03|CHAPECOENSE|ATLÉTICO-MG,ATLÉTICO-MG,CUELLO,3.0
2026-04-03|SANTOS|REMO,REMO,YAGO PIKACHU,1.0
2026-04-03|CORITIBA|VASCO,VASCO,NUNO MOREIRA,2.0
2026-04-03|SANTOS|REMO,REMO,MARLLON,1.0
2026-04-03|CORITIBA|VASCO,CORITIBA,LAVEGA,2.0
2026-04-03|CORITIBA|VASCO,CORITIBA,PEDRO ROCHA,2.0
2026-04-03|FLUMINENSE|CORINTHIANS,FLUMINENSE,LUCHO ACOSTA,2.0
2026-04-03|CORITIBA|VASCO,CORITIBA,LUCAS RONIER,2.0
2026-04-03|INTERNACIONAL|SÃO PAULO,INTERNACIONAL,AGUIRRE,1.0
2026-04-03|CORITIBA|VASCO,CORITIBA,JOSUÉ,1.0
2026-04-03|CORITIBA|VASCO,CORITIBA,BRUNO MELO,1.0
2026-04-03|INTERNACIONAL|SÃO PAULO,INTERNACIONAL,ALAN PATRICK,2.0
2026-04-03|INTERNACIONAL|SÃO PAULO,SÃO PAULO,DANIELZINHO,2.0
2026-04-03|CORITIBA|VASCO,VASCO,THIAGO MENDES,2.0
2026-04-03|FLUMINENSE|CORINTHIANS,FLUMINENSE,JEMMES,1.0
2026-04-03|BAHIA|ATHLETICO-PR,BAHIA,JEAN LUCAS,1.0
2026-04-03|CORITIBA|VASCO,VASCO,LUCAS PITON,1.0
2026-04-03|BAHIA|ATHLETICO-PR,BAHIA,SANTIAGO MINGO,1.0
2026-04-03|FLUMINENSE|CORINTHIANS,CORINTHIANS,GARRO,2.0
2026-04-03|CRUZEIRO|VITÓRIA,CRUZEIRO,MATHEUS PEREIRA,2.0
2026-04-03|FLUMINENSE|CORINTHIANS,FLUMINENSE,JOHN KENNEDY,1.0
2026-04-03|INTERNACIONAL|SÃO PAULO,INTERNACIONAL,BERNABEI,1.0
2026-04-03|CHAPECOENSE|ATLÉTICO-MG,CHAPECOENSE,EDUARDO DOMA,1.0
2026-04-03|SANTOS|REMO,SANTOS,BARREAL,1.0
2026-04-03|INTERNACIONAL|SÃO PAULO,SÃO PAULO,LUCIANO,1.0
2026-04-03|FLUMINENSE|CORINTHIANS,CORINTHIANS,MATHEUZINHO,1.0
2026-04-03|CHAPECOENSE|ATLÉTICO-MG,CHAPECOENSE,CAMILO,2.0
2026-04-03|CRUZEIRO|VITÓRIA,CRUZEIRO,WILLIAM,1.0
2026-04-03|INTERNACIONAL|SÃO PAULO,SÃO PAULO,PABLO MAIA,1.0
2026-04-03|CRUZEIRO|VITÓRIA,VITÓRIA,RAMON,1.0
2026-04-03|BOTAFOGO|MIRASSOL,MIRASSOL,ALESSON,2.0
2026-04-03|CHAPECOENSE|ATLÉTICO-MG,CHAPECOENSE,BOLASIE,1.0
2026-04-03|BOTAFOGO|MIRASSOL,BOTAFOGO,VITINHO,1.0
2026-04-03|CRUZEIRO|VITÓRIA,VITÓRIA,BARALHAS,1.0
2026-04-03|FLUMINENSE|CORINTHIANS,FLUMINENSE,SAVARINO,1.0
2026-04-03|CORITIBA|VASCO,VASCO,PAULO HENRIQUE,2.0
2026-04-03|BAHIA|ATHLETICO-PR,ATHLETICO-PR,BENAVÍDEZ,1.0
2026-04-03|CORITIBA|VASCO,CORITIBA,WILLIAN OLIVEIRA,2.0
2026-04-03|CORITIBA|VASCO,CORITIBA,TIAGO CÓSER,2.0
2026-04-03|CORITIBA|VASCO,CORITIBA,SEBASTIÁN GÓMEZ,1.0
2026-04-03|BAHIA|ATHLETICO-PR,ATHLETICO-PR,MENDOZA,2.0
2026-04-03|FLUMINENSE|CORINTHIANS,FLUMINENSE,SAMUEL XAVIER,1.0
2026-04-03|CORITIBA|VASCO,VASCO,DAVID,2.0
2026-04-03|BOTAFOGO|MIRASSOL,BOTAFOGO,ALEX TELLES,3.0
2026-04-03|CHAPECOENSE|ATLÉTICO-MG,CHAPECOENSE,GIOVANNI AUGUSTO,2.0
2026-04-03|BOTAFOGO|MIRASSOL,MIRASSOL,IGOR FORMIGA,4.0
2026-04-03|BOTAFOGO|MIRASSOL,BOTAFOGO,EDENÍLSON,2.0
2026-04-03|BOTAFOGO|MIRASSOL,BOTAFOGO,BARRERA,3.0
2026-04-03|INTERNACIONAL|SÃO PAULO,SÃO PAULO,CAULY,2.0
2026-04-03|BOTAFOGO|MIRASSOL,BOTAFOGO,MONTORO,3.0
2026-04-03|CHAPECOENSE|ATLÉTICO-MG,ATLÉTICO-MG,BERNARD,1.0
2026-04-03|SANTOS|REMO,REMO,MARCELINHO,1.0
2026-04-03|FLUMINENSE|CORINTHIANS,CORINTHIANS,GABRIEL PAULISTA,1.0
2026-04-03|BOTAFOGO|MIRASSOL,BOTAFOGO,FERRARESI,1.0
2026-04-03|BAHIA|ATHLETICO-PR,ATHLETICO-PR,JADSON,1.0
2026-04-03|BAHIA|ATHLETICO-PR,ATHLETICO-PR,DUDU,3.0
2026-04-03|BAHIA|ATHLETICO-PR,ATHLETICO-PR,ZAPELLI,2.0
2026-04-03|FLUMINENSE|CORINTHIANS,FLUMINENSE,RENÊ,1.0
2026-04-03|BOTAFOGO|MIRASSOL,MIRASSOL,ALDO FILHO,2.0
2026-04-03|BOTAFOGO|MIRASSOL,MIRASSOL,NETO MOURA,1.0
2026-04-03|FLUMINENSE|CORINTHIANS,CORINTHIANS,ALLAN,2.0
2026-04-03|CORITIBA|VASCO,CORITIBA,TINGA,2.0
2026-04-03|CRUZEIRO|VITÓRIA,CRUZEIRO,KAIO JORGE,1.0
2026-04-03|FLUMINENSE|CORINTHIANS,CORINTHIANS,YURI ALBERTO,1.0
2026-04-03|CORITIBA|VASCO,VASCO,MARINO HINESTROZA,1.0
2026-04-03|BOTAFOGO|MIRASSOL,BOTAFOGO,ARTHUR CABRAL,1.0
2026-04-03|FLUMINENSE|CORINTHIANS,FLUMINENSE,SOTELDO,1.0
2026-04-03|INTERNACIONAL|SÃO PAULO,SÃO PAULO,LUCAS RAMON,1.0
2026-02-17|ATHLETICO-PR|SANTOS,ATHLETICO-PR,ESQUIVEL,1.0
2026-03-17|FLUMINENSE|ATHLETICO-PR,ATHLETICO-PR,ESQUIVEL,1.0
2026-04-03|BAHIA|ATHLETICO-PR,ATHLETICO-PR,TERÁN,1.0
2026-04-03|FLUMINENSE|CORINTHIANS,CORINTHIANS,ANGILERI,1.0
2026-04-03|BOTAFOGO|MIRASSOL,MIRASSOL,GABRIEL PIRES,1.0
2026-04-03|INTERNACIONAL|SÃO PAULO,SÃO PAULO,WENDELL,2.0
2026-04-03|BAHIA|ATHLETICO-PR,BAHIA,EVERTON RIBEIRO,1.0
2026-04-03|SANTOS|REMO,SANTOS,NEYMAR,2.0
2026-04-03|BOTAFOGO|MIRASSOL,MIRASSOL,SHAYLON,1.0
2026-04-03|BAHIA|ATHLETICO-PR,ATHLETICO-PR,JOÃO CRUZ,1.0
2026-04-03|INTERNACIONAL|SÃO PAULO,SÃO PAULO,CÉDRIC SOARES,1.0
2026-04-03|BOTAFOGO|MIRASSOL,MIRASSOL,VICTOR LUIS,2.0
2026-04-03|FLUMINENSE|CORINTHIANS,CORINTHIANS,DIEGUINHO,1.0
2026-04-03|BAHIA|ATHLETICO-PR,ATHLETICO-PR,LÉO,1.0
2026-04-03|FLUMINENSE|CORINTHIANS,CORINTHIANS,LABYAD,2.0
2026-04-03|CHAPECOENSE|ATLÉTICO-MG,ATLÉTICO-MG,NATANAEL,1.0
2026-04-03|RED BULL BRAGANTINO|FLAMENGO,FLAMENGO,DANILO,1.0
2026-04-03|CHAPECOENSE|ATLÉTICO-MG,CHAPECOENSE,ÊNIO,3.0
2026-04-03|SANTOS|REMO,REMO,MAYK,2.0
2026-04-03|CHAPECOENSE|ATLÉTICO-MG,CHAPECOENSE,KEVIN RAMÍREZ,1.0
2026-04-03|CRUZEIRO|VITÓRIA,VITÓRIA,LUCAS SILVA,1.0
2026-04-06|GRÊMIO|REMO,REMO,YAGO PIKACHU,1.0
2026-04-06|BAHIA|PALMEIRAS,PALMEIRAS,MARLON FREITAS,1.0
2026-04-06|GRÊMIO|REMO,GRÊMIO,PAVÓN,2.0
2026-04-06|GRÊMIO|REMO,REMO,MARLLON,1.0
2026-04-06|GRÊMIO|REMO,GRÊMIO,CARLOS VINÍCIUS,1.0
2026-04-06|ATLÉTICO-MG|ATHLETICO-PR,ATLÉTICO-MG,VICTOR HUGO,2.0
2026-04-06|VASCO|BOTAFOGO,VASCO,NUNO MOREIRA,1.0
2026-04-06|MIRASSOL|RED BULL BRAGANTINO,RED BULL BRAGANTINO,HENRY MOSQUERA,5.0
2026-04-06|ATLÉTICO-MG|ATHLETICO-PR,ATLÉTICO-MG,CUELLO,2.0
2026-04-06|CORITIBA|FLUMINENSE,CORITIBA,VINI PAULISTA,1.0
2026-04-06|BAHIA|PALMEIRAS,PALMEIRAS,ANDREAS PEREIRA,2.0
2026-04-06|CORITIBA|FLUMINENSE,FLUMINENSE,MARTINELLI,2.0
2026-04-06|CORITIBA|FLUMINENSE,CORITIBA,LUCAS RONIER,1.0
2026-04-06|GRÊMIO|REMO,REMO,ALEF MANGA,3.0
2026-04-06|ATLÉTICO-MG|ATHLETICO-PR,ATLÉTICO-MG,EVERSON,1.0
2026-04-06|BAHIA|PALMEIRAS,PALMEIRAS,FLACO LÓPEZ,3.0
2026-04-06|BAHIA|PALMEIRAS,PALMEIRAS,ALLAN,2.0
2026-04-06|CHAPECOENSE|VITÓRIA,CHAPECOENSE,EDUARDO DOMA,1.0
2026-04-06|ATLÉTICO-MG|ATHLETICO-PR,ATLÉTICO-MG,DUDU,2.0
2026-04-06|CORITIBA|FLUMINENSE,CORITIBA,JOSUÉ,2.0
2026-04-06|ATLÉTICO-MG|ATHLETICO-PR,ATLÉTICO-MG,REINIER,1.0
2026-04-06|ATLÉTICO-MG|ATHLETICO-PR,ATLÉTICO-MG,RUAN,2.0
2026-04-06|MIRASSOL|RED BULL BRAGANTINO,RED BULL BRAGANTINO,LUCAS BARBOSA,1.0
2026-04-06|MIRASSOL|RED BULL BRAGANTINO,RED BULL BRAGANTINO,ISIDRO PITTA,2.0
2026-04-06|MIRASSOL|RED BULL BRAGANTINO,RED BULL BRAGANTINO,JUNINHO CAPIXABA,2.0
2026-04-06|BAHIA|PALMEIRAS,BAHIA,SANTIAGO MINGO,1.0
2026-04-06|BAHIA|PALMEIRAS,BAHIA,ADEMIR,1.0
2026-04-06|GRÊMIO|REMO,REMO,PICCO,1.0
2026-04-06|SÃO PAULO|CRUZEIRO,CRUZEIRO,LUCAS SILVA,1.0
2026-04-06|BAHIA|PALMEIRAS,BAHIA,LUCIANO JUBA,2.0
2026-04-06|GRÊMIO|REMO,GRÊMIO,ENAMORADO,4.0
2026-04-06|VASCO|BOTAFOGO,VASCO,ANDRÉS GÓMEZ,4.0
2026-04-06|BAHIA|PALMEIRAS,PALMEIRAS,RAMÓN SOSA,1.0
2026-04-06|SÃO PAULO|CRUZEIRO,CRUZEIRO,MATHEUS PEREIRA,1.0
2026-04-06|CORINTHIANS|INTERNACIONAL,INTERNACIONAL,PAULINHO,2.0
2026-04-06|SÃO PAULO|CRUZEIRO,SÃO PAULO,LUCIANO,1.0
2026-04-06|VASCO|BOTAFOGO,VASCO,THIAGO MENDES,1.0
2026-04-06|FLAMENGO|SANTOS,SANTOS,BARREAL,1.0
2026-04-06|CORITIBA|FLUMINENSE,FLUMINENSE,GANSO,1.0
2026-04-06|CORINTHIANS|INTERNACIONAL,CORINTHIANS,MATHEUZINHO,3.0
2026-04-06|FLAMENGO|SANTOS,FLAMENGO,CARRASCAL,2.0
2026-04-06|VASCO|BOTAFOGO,BOTAFOGO,VITINHO,1.0
2026-04-06|CHAPECOENSE|VITÓRIA,VITÓRIA,ERICK,1.0
2026-04-06|BAHIA|PALMEIRAS,PALMEIRAS,MURILO,1.0
2026-04-06|SÃO PAULO|CRUZEIRO,CRUZEIRO,WILLIAM,2.0
2026-04-06|BAHIA|PALMEIRAS,BAHIA,ACEVEDO,1.0
2026-04-06|CORITIBA|FLUMINENSE,CORITIBA,TIAGO CÓSER,1.0
2026-04-06|CORINTHIANS|INTERNACIONAL,CORINTHIANS,ANDRÉ,1.0
2026-04-06|ATLÉTICO-MG|ATHLETICO-PR,ATHLETICO-PR,BENAVÍDEZ,1.0
2026-04-06|FLAMENGO|SANTOS,FLAMENGO,SAMUEL LINO,4.0
2026-04-06|CHAPECOENSE|VITÓRIA,VITÓRIA,RAMON,1.0
2026-04-06|MIRASSOL|RED BULL BRAGANTINO,RED BULL BRAGANTINO,ALIX VINICIUS,1.0
2026-04-06|VASCO|BOTAFOGO,VASCO,BARROS,2.0
2026-04-06|ATLÉTICO-MG|ATHLETICO-PR,ATHLETICO-PR,PORTILLA,2.0
2026-04-06|VASCO|BOTAFOGO,BOTAFOGO,MATHEUS MARTINS,1.0
2026-04-06|VASCO|BOTAFOGO,BOTAFOGO,ALEX TELLES,1.0
2026-04-06|BAHIA|PALMEIRAS,BAHIA,WILLIAN JOSÉ,1.0
2026-04-06|CORITIBA|FLUMINENSE,FLUMINENSE,SAVARINO,1.0
2026-04-06|VASCO|BOTAFOGO,VASCO,DAVID,2.0
2026-04-06|CHAPECOENSE|VITÓRIA,CHAPECOENSE,BOLASIE,2.0
2026-04-06|CHAPECOENSE|VITÓRIA,CHAPECOENSE,CAMILO,1.0
2026-04-06|VASCO|BOTAFOGO,VASCO,JOHAN ROJAS,2.0
2026-04-06|GRÊMIO|REMO,GRÊMIO,TETÊ,2.0
2026-04-06|FLAMENGO|SANTOS,FLAMENGO,PEDRO,1.0
2026-04-06|CHAPECOENSE|VITÓRIA,CHAPECOENSE,BRUNO LEONARDO,1.0
2026-04-06|CHAPECOENSE|VITÓRIA,CHAPECOENSE,MARCINHO,1.0
2026-04-06|ATLÉTICO-MG|ATHLETICO-PR,ATHLETICO-PR,LUIZ GUSTAVO,1.0
2026-04-06|FLAMENGO|SANTOS,SANTOS,GABRIEL BONTEMPO,1.0
2026-04-06|FLAMENGO|SANTOS,FLAMENGO,LUCAS PAQUETÁ,1.0
2026-04-06|SÃO PAULO|CRUZEIRO,SÃO PAULO,CAULY,1.0
2026-04-06|ATLÉTICO-MG|ATHLETICO-PR,ATLÉTICO-MG,CASSIERRA,1.0
2026-04-06|CHAPECOENSE|VITÓRIA,VITÓRIA,CAMUTANGA,1.0
2026-04-06|VASCO|BOTAFOGO,VASCO,PUMA RODRÍGUEZ,1.0
2026-04-06|GRÊMIO|REMO,GRÊMIO,NARDONI,1.0
2026-04-06|BAHIA|PALMEIRAS,BAHIA,CAIO ALEXANDRE,2.0
2026-04-06|VASCO|BOTAFOGO,BOTAFOGO,EDENÍLSON,2.0
2026-04-06|VASCO|BOTAFOGO,BOTAFOGO,MONTORO,1.0
2026-04-06|SÃO PAULO|CRUZEIRO,SÃO PAULO,FERREIRA,2.0
2026-04-06|GRÊMIO|REMO,GRÊMIO,GABRIEL MEC,2.0
2026-04-06|FLAMENGO|SANTOS,FLAMENGO,JORGINHO,1.0
2026-04-06|FLAMENGO|SANTOS,SANTOS,ROLLHEISER,2.0
2026-04-06|FLAMENGO|SANTOS,FLAMENGO,VARELA,2.0
2026-04-06|CORITIBA|FLUMINENSE,FLUMINENSE,GUILHERME ARANA,1.0
2026-04-06|CHAPECOENSE|VITÓRIA,VITÓRIA,CAÍQUE,3.0
2026-04-06|CHAPECOENSE|VITÓRIA,VITÓRIA,CACÁ,1.0
2026-04-06|CORITIBA|FLUMINENSE,FLUMINENSE,SOTELDO,3.0
2026-04-06|FLAMENGO|SANTOS,FLAMENGO,ERICK PULGAR,1.0
2026-04-06|VASCO|BOTAFOGO,VASCO,MARINO HINESTROZA,1.0
2026-04-06|CORINTHIANS|INTERNACIONAL,CORINTHIANS,YURI ALBERTO,1.0
2026-04-06|FLAMENGO|SANTOS,FLAMENGO,ARRASCAETA,1.0
2026-04-06|CORINTHIANS|INTERNACIONAL,CORINTHIANS,VITINHO,1.0
2026-04-06|VASCO|BOTAFOGO,VASCO,CUIABANO,1.0
2026-04-06|VASCO|BOTAFOGO,BOTAFOGO,ARTHUR CABRAL,2.0
2026-04-06|MIRASSOL|RED BULL BRAGANTINO,MIRASSOL,REINALDO,5.0
2026-04-06|SÃO PAULO|CRUZEIRO,SÃO PAULO,LUCAS RAMON,1.0
2026-04-06|CORITIBA|FLUMINENSE,CORITIBA,TINGA,1.0
2026-04-06|GRÊMIO|REMO,GRÊMIO,DODI,1.0
2026-04-06|VASCO|BOTAFOGO,BOTAFOGO,JÚNIOR SANTOS,1.0
2026-04-06|MIRASSOL|RED BULL BRAGANTINO,RED BULL BRAGANTINO,FABINHO,1.0
2026-04-03|RED BULL BRAGANTINO|FLAMENGO,RED BULL BRAGANTINO,VINICINHO,1.0
2026-04-06|MIRASSOL|RED BULL BRAGANTINO,MIRASSOL,SHAYLON,1.0
2026-04-06|CORITIBA|FLUMINENSE,CORITIBA,FELIPE JONATAN,1.0
2026-04-06|FLAMENGO|SANTOS,SANTOS,WILLIAN ARÃO,1.0
2026-04-06|FLAMENGO|SANTOS,SANTOS,ESCOBAR,1.0
2026-04-06|BAHIA|PALMEIRAS,BAHIA,EVERTON RIBEIRO,1.0
2026-04-06|FLAMENGO|SANTOS,FLAMENGO,LUIZ ARAÚJO,2.0
2026-04-06|FLAMENGO|SANTOS,FLAMENGO,EMERSON ROYAL,1.0
2026-04-06|CORINTHIANS|INTERNACIONAL,INTERNACIONAL,MATHEUS BAHIA,1.0
2026-04-06|CHAPECOENSE|VITÓRIA,CHAPECOENSE,NETO PESSOA,1.0
2026-04-06|FLAMENGO|SANTOS,SANTOS,NEYMAR,1.0
2026-04-06|MIRASSOL|RED BULL BRAGANTINO,MIRASSOL,ANDRÉ LUIS,1.0
2026-04-06|MIRASSOL|RED BULL BRAGANTINO,MIRASSOL,CARLOS EDUARDO,1.0
2026-04-06|FLAMENGO|SANTOS,SANTOS,LAUTARO DÍAZ,2.0
2026-04-06|VASCO|BOTAFOGO,BOTAFOGO,VILLALBA,1.0
2026-04-06|FLAMENGO|SANTOS,SANTOS,GUSTAVO HENRIQUE,2.0
2026-04-06|MIRASSOL|RED BULL BRAGANTINO,MIRASSOL,EDSON CARIOCA,1.0
2026-04-03|PALMEIRAS|GRÊMIO,PALMEIRAS,JEFTÉ,1.0
2026-04-06|MIRASSOL|RED BULL BRAGANTINO,RED BULL BRAGANTINO,TIAGO VOLPI,1.0
2026-04-06|CHAPECOENSE|VITÓRIA,CHAPECOENSE,MARCOS VINÍCIUS,2.0
2026-04-06|CORINTHIANS|INTERNACIONAL,CORINTHIANS,ANDRÉ RAMALHO,2.0
2026-04-06|MIRASSOL|RED BULL BRAGANTINO,RED BULL BRAGANTINO,RYAN AUGUSTO,2.0
2026-04-06|ATLÉTICO-MG|ATHLETICO-PR,ATHLETICO-PR,LEOZINHO,1.0
2026-04-06|CHAPECOENSE|VITÓRIA,CHAPECOENSE,BRUNO PACHECO,1.0
2026-04-06|GRÊMIO|REMO,REMO,MAYK,1.0
2026-04-06|CHAPECOENSE|VITÓRIA,VITÓRIA,ZÉ VITOR,2.0
2026-04-06|GRÊMIO|REMO,GRÊMIO,BERNARDO ZORTEA,1.0
2026-04-06|GRÊMIO|REMO,GRÊMIO,PEDRO GABRIEL,1.0
2026-04-06|CHAPECOENSE|VITÓRIA,CHAPECOENSE,ÊNIO,5.0
2026-04-06|MIRASSOL|RED BULL BRAGANTINO,MIRASSOL,LUCAS OLIVEIRA,2.0
2026-04-13|REMO|VASCO,VASCO,ROBERT RENAN,2.0
2026-04-13|VITÓRIA|SÃO PAULO,SÃO PAULO,MARCOS ANTÔNIO,4.0
2026-04-13|CORINTHIANS|PALMEIRAS,PALMEIRAS,FLACO LÓPEZ,1.0
2026-04-13|CORINTHIANS|PALMEIRAS,PALMEIRAS,ALLAN,1.0
2026-04-13|INTERNACIONAL|GRÊMIO,INTERNACIONAL,CARBONERO,1.0
2026-04-13|INTERNACIONAL|GRÊMIO,INTERNACIONAL,BRUNO GOMES,2.0
2026-04-13|INTERNACIONAL|GRÊMIO,GRÊMIO,PAVÓN,1.0
2026-04-13|SANTOS|ATLÉTICO-MG,ATLÉTICO-MG,RENAN LODI,1.0
2026-04-13|BOTAFOGO|CORITIBA,CORITIBA,LUCAS RONIER,1.0
2026-04-13|FLUMINENSE|FLAMENGO,FLUMINENSE,SERNA,1.0
2026-04-13|CORINTHIANS|PALMEIRAS,PALMEIRAS,ANDREAS PEREIRA,3.0
2026-04-13|CRUZEIRO|RED BULL BRAGANTINO,CRUZEIRO,MATHEUS PEREIRA,2.0
2026-04-13|CRUZEIRO|RED BULL BRAGANTINO,CRUZEIRO,ARROYO,2.0
2026-04-13|FLUMINENSE|FLAMENGO,FLUMINENSE,GANSO,2.0
2026-04-13|INTERNACIONAL|GRÊMIO,INTERNACIONAL,VITINHO,1.0
2026-04-13|CORINTHIANS|PALMEIRAS,PALMEIRAS,RAMÓN SOSA,2.0
2026-04-13|REMO|VASCO,REMO,ZÉ RICARDO,1.0
2026-04-13|CORINTHIANS|PALMEIRAS,CORINTHIANS,GARRO,2.0
2026-04-13|SANTOS|ATLÉTICO-MG,ATLÉTICO-MG,REINIER,1.0
2026-04-13|REMO|VASCO,VASCO,THIAGO MENDES,3.0
2026-04-13|MIRASSOL|BAHIA,BAHIA,ERICK PULGA,1.0
2026-04-13|MIRASSOL|BAHIA,BAHIA,JEAN LUCAS,1.0
2026-04-13|MIRASSOL|BAHIA,BAHIA,CRISTIAN OLIVERA,1.0
2026-04-13|CRUZEIRO|RED BULL BRAGANTINO,RED BULL BRAGANTINO,JUNINHO CAPIXABA,1.0
2026-04-13|CRUZEIRO|RED BULL BRAGANTINO,RED BULL BRAGANTINO,ISIDRO PITTA,1.0
2026-04-13|CRUZEIRO|RED BULL BRAGANTINO,RED BULL BRAGANTINO,LUCAS BARBOSA,1.0
2026-04-13|SANTOS|ATLÉTICO-MG,ATLÉTICO-MG,ALAN FRANCO,2.0
2026-04-13|REMO|VASCO,VASCO,ANDRÉS GÓMEZ,1.0
2026-04-13|BOTAFOGO|CORITIBA,CORITIBA,JOSUÉ,2.0
2026-04-13|BOTAFOGO|CORITIBA,CORITIBA,JACY,1.0
2026-04-13|BOTAFOGO|CORITIBA,CORITIBA,BRENO LOPES,2.0
2026-04-13|MIRASSOL|BAHIA,BAHIA,LUCIANO JUBA,1.0
2026-04-13|VITÓRIA|SÃO PAULO,VITÓRIA,MATHEUZINHO,1.0
2026-04-13|INTERNACIONAL|GRÊMIO,INTERNACIONAL,BRUNO HENRIQUE,1.0
2026-04-13|ATHLETICO-PR|CHAPECOENSE,ATHLETICO-PR,MENDOZA,2.0
2026-04-13|REMO|VASCO,VASCO,JOHAN ROJAS,4.0
2026-04-13|INTERNACIONAL|GRÊMIO,INTERNACIONAL,ALAN PATRICK,1.0
2026-04-13|VITÓRIA|SÃO PAULO,VITÓRIA,ERICK,1.0
2026-04-13|MIRASSOL|BAHIA,BAHIA,ACEVEDO,2.0
2026-04-13|ATHLETICO-PR|CHAPECOENSE,CHAPECOENSE,CAMILO,1.0
2026-04-13|FLUMINENSE|FLAMENGO,FLAMENGO,LÉO ORTIZ,1.0
2026-04-13|FLUMINENSE|FLAMENGO,FLAMENGO,SAMUEL LINO,1.0
2026-04-13|BOTAFOGO|CORITIBA,CORITIBA,SEBASTIÁN GÓMEZ,1.0
2026-04-13|ATHLETICO-PR|CHAPECOENSE,CHAPECOENSE,BOLASIE,1.0
2026-04-13|FLUMINENSE|FLAMENGO,FLAMENGO,PEDRO,1.0
2026-04-13|FLUMINENSE|FLAMENGO,FLUMINENSE,HÉRCULES,2.0
2026-04-13|FLUMINENSE|FLAMENGO,FLUMINENSE,SAVARINO,3.0
2026-04-13|MIRASSOL|BAHIA,MIRASSOL,WALTER,2.0
2026-04-13|FLUMINENSE|FLAMENGO,FLAMENGO,CARRASCAL,1.0
2026-04-13|CORINTHIANS|PALMEIRAS,CORINTHIANS,MATHEUZINHO,1.0
2026-04-13|CRUZEIRO|RED BULL BRAGANTINO,RED BULL BRAGANTINO,GABRIEL,2.0
2026-04-13|REMO|VASCO,VASCO,DAVID,1.0
2026-04-13|CORINTHIANS|PALMEIRAS,PALMEIRAS,LUCAS EVANGELISTA,1.0
2026-04-13|BOTAFOGO|CORITIBA,BOTAFOGO,VITINHO,1.0
2026-04-13|VITÓRIA|SÃO PAULO,VITÓRIA,RAMON,1.0
2026-04-13|BOTAFOGO|CORITIBA,BOTAFOGO,MONTORO,3.0
2026-04-13|VITÓRIA|SÃO PAULO,SÃO PAULO,CAULY,1.0
2026-04-13|VITÓRIA|SÃO PAULO,SÃO PAULO,ENZO DÍAZ,2.0
2026-04-13|SANTOS|ATLÉTICO-MG,ATLÉTICO-MG,BERNARD,1.0
2026-04-13|CRUZEIRO|RED BULL BRAGANTINO,RED BULL BRAGANTINO,IGNACIO SOSA,2.0
2026-04-13|ATHLETICO-PR|CHAPECOENSE,ATHLETICO-PR,DUDU,1.0
2026-04-13|SANTOS|ATLÉTICO-MG,SANTOS,RONY,1.0
2026-04-13|REMO|VASCO,REMO,PATRICK,1.0
2026-04-13|MIRASSOL|BAHIA,MIRASSOL,NEGUEBA,2.0
2026-04-13|ATHLETICO-PR|CHAPECOENSE,ATHLETICO-PR,ARTHUR DIAS,1.0
2026-04-13|SANTOS|ATLÉTICO-MG,SANTOS,GABRIEL BONTEMPO,1.0
2026-04-13|VITÓRIA|SÃO PAULO,SÃO PAULO,FERREIRA,1.0
2026-04-13|REMO|VASCO,VASCO,PAULO HENRIQUE,1.0
2026-04-13|REMO|VASCO,VASCO,TCHÊ TCHÊ,2.0
2026-04-13|ATHLETICO-PR|CHAPECOENSE,ATHLETICO-PR,LUIZ GUSTAVO,2.0
2026-04-13|CORINTHIANS|PALMEIRAS,PALMEIRAS,FELIPE ANDERSON,3.0
2026-04-13|REMO|VASCO,REMO,JAJÁ,2.0
2026-04-13|INTERNACIONAL|GRÊMIO,GRÊMIO,NARDONI,1.0
2026-04-13|FLUMINENSE|FLAMENGO,FLUMINENSE,CANOBBIO,3.0
2026-04-13|MIRASSOL|BAHIA,BAHIA,CAIO ALEXANDRE,1.0
2026-04-13|BOTAFOGO|CORITIBA,CORITIBA,TINGA,1.0
2026-04-13|SANTOS|ATLÉTICO-MG,SANTOS,IGOR VINÍCIUS,3.0
2026-04-13|MIRASSOL|BAHIA,MIRASSOL,NETO MOURA,1.0
2026-04-13|ATHLETICO-PR|CHAPECOENSE,ATHLETICO-PR,ZAPELLI,1.0
2026-04-13|REMO|VASCO,REMO,JÁDERSON,1.0
2026-04-13|FLUMINENSE|FLAMENGO,FLAMENGO,ARRASCAETA,3.0
2026-04-13|FLUMINENSE|FLAMENGO,FLUMINENSE,RENÊ,1.0
2026-04-13|VITÓRIA|SÃO PAULO,VITÓRIA,CACÁ,2.0
2026-04-13|FLUMINENSE|FLAMENGO,FLUMINENSE,RODRIGO CASTILLO,1.0
2026-04-13|REMO|VASCO,REMO,TCHAMBA,1.0
2026-04-13|MIRASSOL|BAHIA,MIRASSOL,REINALDO,2.0
2026-04-13|BOTAFOGO|CORITIBA,BOTAFOGO,ARTHUR CABRAL,1.0
2026-04-13|FLUMINENSE|FLAMENGO,FLUMINENSE,GUGA,1.0
2026-04-13|VITÓRIA|SÃO PAULO,VITÓRIA,EMMANUEL MARTÍNEZ,2.0
2026-04-13|MIRASSOL|BAHIA,MIRASSOL,GABRIEL PIRES,1.0
2026-04-13|CRUZEIRO|RED BULL BRAGANTINO,CRUZEIRO,VILLARREAL,2.0
2026-04-13|SANTOS|ATLÉTICO-MG,SANTOS,ESCOBAR,1.0
2026-04-13|MIRASSOL|BAHIA,MIRASSOL,SHAYLON,1.0
2026-04-13|SANTOS|ATLÉTICO-MG,SANTOS,WILLIAN ARÃO,2.0
2026-04-13|SANTOS|ATLÉTICO-MG,ATLÉTICO-MG,TOMÁS PÉREZ,1.0
2026-04-13|MIRASSOL|BAHIA,BAHIA,EVERTON RIBEIRO,2.0
2026-04-13|MIRASSOL|BAHIA,MIRASSOL,ANDRÉ LUIS,1.0
2026-04-13|SANTOS|ATLÉTICO-MG,SANTOS,GABRIEL,2.0
2026-04-13|REMO|VASCO,REMO,GABRIEL TALIARI,1.0
2026-04-13|ATHLETICO-PR|CHAPECOENSE,ATHLETICO-PR,JOÃO CRUZ,1.0
2026-04-13|BOTAFOGO|CORITIBA,BOTAFOGO,VILLALBA,1.0
2026-04-13|SANTOS|ATLÉTICO-MG,SANTOS,NEYMAR,3.0
2026-04-13|SANTOS|ATLÉTICO-MG,SANTOS,GUSTAVO HENRIQUE,2.0
2026-04-13|VITÓRIA|SÃO PAULO,VITÓRIA,TARZIA,2.0
2026-04-13|VITÓRIA|SÃO PAULO,SÃO PAULO,CÉDRIC SOARES,1.0
2026-04-13|FLUMINENSE|FLAMENGO,FLAMENGO,PLATA,1.0
2026-04-13|ATHLETICO-PR|CHAPECOENSE,CHAPECOENSE,MARCOS VINÍCIUS,1.0
2026-04-13|FLUMINENSE|FLAMENGO,FLAMENGO,BRUNO HENRIQUE,1.0
2026-04-13|CRUZEIRO|RED BULL BRAGANTINO,RED BULL BRAGANTINO,RYAN AUGUSTO,3.0
2026-04-13|ATHLETICO-PR|CHAPECOENSE,CHAPECOENSE,GARCEZ,1.0
2026-04-13|BOTAFOGO|CORITIBA,BOTAFOGO,CAIO ROQUE,4.0
2026-04-13|ATHLETICO-PR|CHAPECOENSE,CHAPECOENSE,ÊNIO,1.0
2026-04-13|REMO|VASCO,REMO,MAYK,2.0
2026-04-20|PALMEIRAS|ATHLETICO-PR,PALMEIRAS,FLACO LÓPEZ,1.0
2026-04-20|PALMEIRAS|ATHLETICO-PR,PALMEIRAS,ALLAN,1.0
2026-04-20|CORITIBA|ATLÉTICO-MG,ATLÉTICO-MG,VICTOR HUGO,2.0
2026-04-20|CORITIBA|ATLÉTICO-MG,ATLÉTICO-MG,RENAN LODI,1.0
2026-04-20|CORITIBA|ATLÉTICO-MG,ATLÉTICO-MG,CUELLO,1.0
2026-04-20|CRUZEIRO|GRÊMIO,CRUZEIRO,FABRÍCIO BRUNO,1.0
2026-04-20|PALMEIRAS|ATHLETICO-PR,PALMEIRAS,ANDREAS PEREIRA,3.0
2026-04-20|INTERNACIONAL|MIRASSOL,INTERNACIONAL,BRUNO GOMES,1.0
2026-04-20|FLAMENGO|BAHIA,BAHIA,LUCIANO JUBA,1.0
2026-04-20|SANTOS|FLUMINENSE,FLUMINENSE,FREYTES,1.0
2026-04-20|CORITIBA|ATLÉTICO-MG,ATLÉTICO-MG,REINIER,4.0
2026-04-20|FLAMENGO|BAHIA,BAHIA,ERICK PULGA,1.0
2026-04-20|FLAMENGO|BAHIA,BAHIA,CRISTIAN OLIVERA,1.0
2026-04-20|FLAMENGO|BAHIA,BAHIA,JEAN LUCAS,1.0
2026-04-20|RED BULL BRAGANTINO|REMO,REMO,YAGO PIKACHU,1.0
2026-04-20|VASCO|SÃO PAULO,VASCO,ANDRÉS GÓMEZ,3.0
2026-04-20|CRUZEIRO|GRÊMIO,CRUZEIRO,MATHEUS PEREIRA,5.0
2026-04-20|VASCO|SÃO PAULO,VASCO,THIAGO MENDES,2.0
2026-04-20|RED BULL BRAGANTINO|REMO,RED BULL BRAGANTINO,ISIDRO PITTA,1.0
2026-04-20|INTERNACIONAL|MIRASSOL,INTERNACIONAL,VITINHO,1.0
2026-04-20|INTERNACIONAL|MIRASSOL,INTERNACIONAL,PAULINHO,1.0
2026-04-20|VITÓRIA|CORINTHIANS,CORINTHIANS,GARRO,1.0
2026-04-20|PALMEIRAS|ATHLETICO-PR,PALMEIRAS,GIAY,1.0
2026-04-20|RED BULL BRAGANTINO|REMO,RED BULL BRAGANTINO,LUCAS BARBOSA,2.0
2026-04-20|CRUZEIRO|GRÊMIO,CRUZEIRO,ARROYO,2.0
2026-04-20|INTERNACIONAL|MIRASSOL,INTERNACIONAL,AGUIRRE,2.0
2026-04-20|RED BULL BRAGANTINO|REMO,RED BULL BRAGANTINO,ANDRÉS HURTADO,1.0
2026-04-20|SANTOS|FLUMINENSE,FLUMINENSE,JEMMES,1.0
2026-04-20|VASCO|SÃO PAULO,VASCO,BARROS,1.0
2026-04-20|CHAPECOENSE|BOTAFOGO,BOTAFOGO,VITINHO,2.0
2026-04-20|INTERNACIONAL|MIRASSOL,INTERNACIONAL,ALAN PATRICK,7.0
2026-04-20|VITÓRIA|CORINTHIANS,VITÓRIA,ERICK,6.0
2026-04-20|VITÓRIA|CORINTHIANS,VITÓRIA,MATHEUZINHO,3.0
2026-04-20|CHAPECOENSE|BOTAFOGO,BOTAFOGO,MATHEUS MARTINS,2.0
2026-04-20|CHAPECOENSE|BOTAFOGO,CHAPECOENSE,MARCINHO,2.0
2026-04-20|SANTOS|FLUMINENSE,FLUMINENSE,SAVARINO,1.0
2026-04-20|PALMEIRAS|ATHLETICO-PR,ATHLETICO-PR,MENDOZA,1.0
2026-04-20|VITÓRIA|CORINTHIANS,VITÓRIA,RAMON,1.0
2026-04-20|VASCO|SÃO PAULO,SÃO PAULO,LUCIANO,1.0
2026-04-20|VASCO|SÃO PAULO,VASCO,JOHAN ROJAS,3.0
2026-04-20|CRUZEIRO|GRÊMIO,GRÊMIO,NORIEGA,1.0
2026-04-20|INTERNACIONAL|MIRASSOL,INTERNACIONAL,FÉLIX TORRES,1.0
2026-04-20|FLAMENGO|BAHIA,FLAMENGO,VARELA,1.0
2026-04-20|CORITIBA|ATLÉTICO-MG,ATLÉTICO-MG,BERNARD,1.0
2026-04-20|INTERNACIONAL|MIRASSOL,MIRASSOL,ALDO FILHO,3.0
2026-04-20|CHAPECOENSE|BOTAFOGO,BOTAFOGO,ALEX TELLES,1.0
2026-04-20|CHAPECOENSE|BOTAFOGO,BOTAFOGO,EDENÍLSON,1.0
2026-04-20|VASCO|SÃO PAULO,VASCO,PAULO HENRIQUE,1.0
2026-04-20|PALMEIRAS|ATHLETICO-PR,ATHLETICO-PR,AGUIRRE,1.0
2026-04-20|FLAMENGO|BAHIA,BAHIA,CAIO ALEXANDRE,3.0
2026-04-20|SANTOS|FLUMINENSE,SANTOS,GABRIEL BONTEMPO,1.0
2026-04-20|RED BULL BRAGANTINO|REMO,REMO,MARCELINHO,1.0
2026-04-20|FLAMENGO|BAHIA,FLAMENGO,ALEX SANDRO,2.0
2026-04-20|FLAMENGO|BAHIA,FLAMENGO,ARRASCAETA,5.0
2026-04-20|INTERNACIONAL|MIRASSOL,MIRASSOL,REINALDO,2.0
2026-04-20|CRUZEIRO|GRÊMIO,CRUZEIRO,FAGNER,1.0
2026-04-20|VASCO|SÃO PAULO,VASCO,PUMA RODRÍGUEZ,2.0
2026-04-20|PALMEIRAS|ATHLETICO-PR,ATHLETICO-PR,ZAPELLI,1.0
2026-04-20|PALMEIRAS|ATHLETICO-PR,PALMEIRAS,ARTHUR,1.0
2026-04-20|RED BULL BRAGANTINO|REMO,REMO,JÁDERSON,1.0
2026-04-20|SANTOS|FLUMINENSE,SANTOS,ROLLHEISER,1.0
2026-04-20|RED BULL BRAGANTINO|REMO,REMO,VITOR BUENO,1.0
2026-04-20|SANTOS|FLUMINENSE,FLUMINENSE,RODRIGO CASTILLO,1.0
2026-04-20|VASCO|SÃO PAULO,VASCO,CUIABANO,1.0
2026-04-20|SANTOS|FLUMINENSE,FLUMINENSE,GUGA,1.0
2026-04-20|VITÓRIA|CORINTHIANS,CORINTHIANS,ALLAN,1.0
2026-04-20|INTERNACIONAL|MIRASSOL,INTERNACIONAL,VILLAGRA,1.0
2026-04-20|FLAMENGO|BAHIA,BAHIA,EVERTON RIBEIRO,1.0
2026-04-20|CRUZEIRO|GRÊMIO,CRUZEIRO,VILLARREAL,1.0
2026-04-20|FLAMENGO|BAHIA,FLAMENGO,EVERTTON ARAÚJO,2.0
2026-04-20|VITÓRIA|CORINTHIANS,CORINTHIANS,MATHEUS PEREIRA,1.0
2026-04-20|INTERNACIONAL|MIRASSOL,INTERNACIONAL,THIAGO MAIA,1.0
2026-04-20|CRUZEIRO|GRÊMIO,CRUZEIRO,LUCAS ROMERO,1.0
2026-04-20|VITÓRIA|CORINTHIANS,CORINTHIANS,KAYKE,1.0
2026-04-20|SANTOS|FLUMINENSE,SANTOS,GABRIEL,1.0
2026-04-20|PALMEIRAS|ATHLETICO-PR,ATHLETICO-PR,JOÃO CRUZ,2.0
2026-04-20|FLAMENGO|BAHIA,FLAMENGO,PLATA,1.0
2026-04-20|SANTOS|FLUMINENSE,FLUMINENSE,ALISSON,1.0
2026-04-20|VASCO|SÃO PAULO,SÃO PAULO,CÉDRIC SOARES,1.0
2026-04-20|FLAMENGO|BAHIA,FLAMENGO,BRUNO HENRIQUE,2.0
2026-04-20|RED BULL BRAGANTINO|REMO,RED BULL BRAGANTINO,TIAGO VOLPI,1.0
2026-04-20|INTERNACIONAL|MIRASSOL,MIRASSOL,CARLOS EDUARDO,1.0
2026-04-20|RED BULL BRAGANTINO|REMO,RED BULL BRAGANTINO,RYAN AUGUSTO,1.0
2026-04-20|CORITIBA|ATLÉTICO-MG,ATLÉTICO-MG,MAYCON,2.0
2026-04-20|CRUZEIRO|GRÊMIO,GRÊMIO,PEDRO GABRIEL,1.0
2026-04-20|CORITIBA|ATLÉTICO-MG,ATLÉTICO-MG,LYANCO,1.0
2026-04-20|CORITIBA|ATLÉTICO-MG,ATLÉTICO-MG,CISSÉ,2.0
2026-04-20|RED BULL BRAGANTINO|REMO,RED BULL BRAGANTINO,MARCELINHO,1.0
2026-04-20|VASCO|SÃO PAULO,SÃO PAULO,LUCCA,1.0
2026-04-20|SANTOS|FLUMINENSE,SANTOS,RAFAEL GONZAGA,1.0
2026-04-27|GRÊMIO|CORITIBA,CORITIBA,LUCAS RONIER,3.0
2026-04-27|GRÊMIO|CORITIBA,CORITIBA,PEDRO ROCHA,2.0
2026-04-27|RED BULL BRAGANTINO|PALMEIRAS,PALMEIRAS,FLACO LÓPEZ,1.0
2026-04-27|ATLÉTICO-MG|FLAMENGO,ATLÉTICO-MG,VICTOR HUGO,2.0
2026-04-27|BOTAFOGO|INTERNACIONAL,INTERNACIONAL,CARBONERO,1.0
2026-04-27|CORINTHIANS|VASCO,VASCO,ROBERT RENAN,3.0
2026-04-27|ATLÉTICO-MG|FLAMENGO,ATLÉTICO-MG,CUELLO,1.0
2026-04-27|RED BULL BRAGANTINO|PALMEIRAS,PALMEIRAS,ANDREAS PEREIRA,3.0
2026-04-27|GRÊMIO|CORITIBA,GRÊMIO,PAVÓN,4.0
2026-04-27|CORINTHIANS|VASCO,VASCO,ANDRÉS GÓMEZ,2.0
2026-04-27|RED BULL BRAGANTINO|PALMEIRAS,RED BULL BRAGANTINO,LUCAS BARBOSA,1.0
2026-04-27|CORINTHIANS|VASCO,VASCO,THIAGO MENDES,1.0
2026-04-27|ATLÉTICO-MG|FLAMENGO,ATLÉTICO-MG,DUDU,2.0
2026-04-27|RED BULL BRAGANTINO|PALMEIRAS,RED BULL BRAGANTINO,ISIDRO PITTA,1.0
2026-04-27|SÃO PAULO|MIRASSOL,SÃO PAULO,CALLERI,1.0
2026-04-27|CORINTHIANS|VASCO,CORINTHIANS,GARRO,7.0
2026-04-27|REMO|CRUZEIRO,CRUZEIRO,ARROYO,1.0
2026-04-27|BAHIA|SANTOS,BAHIA,LUCIANO JUBA,1.0
2026-04-27|REMO|CRUZEIRO,CRUZEIRO,GERSON,2.0
2026-04-27|FLUMINENSE|CHAPECOENSE,FLUMINENSE,FREYTES,2.0
2026-04-27|GRÊMIO|CORITIBA,GRÊMIO,ENAMORADO,1.0
2026-04-27|BAHIA|SANTOS,BAHIA,CRISTIAN OLIVERA,3.0
2026-04-27|REMO|CRUZEIRO,REMO,YAGO PIKACHU,1.0
2026-04-27|BAHIA|SANTOS,BAHIA,ERICK PULGA,1.0
2026-04-27|BAHIA|SANTOS,BAHIA,JEAN LUCAS,1.0
2026-04-27|GRÊMIO|CORITIBA,CORITIBA,JOSUÉ,4.0
2026-04-27|GRÊMIO|CORITIBA,GRÊMIO,AMUZU,2.0
2026-04-27|RED BULL BRAGANTINO|PALMEIRAS,RED BULL BRAGANTINO,JUNINHO CAPIXABA,4.0
2026-04-27|RED BULL BRAGANTINO|PALMEIRAS,PALMEIRAS,GUSTAVO GÓMEZ,1.0
2026-04-27|FLUMINENSE|CHAPECOENSE,FLUMINENSE,HÉRCULES,3.0
2026-04-27|RED BULL BRAGANTINO|PALMEIRAS,RED BULL BRAGANTINO,ANDRÉS HURTADO,2.0
2026-04-27|FLUMINENSE|CHAPECOENSE,FLUMINENSE,JEMMES,1.0
2026-04-27|BAHIA|SANTOS,BAHIA,WILLIAN JOSÉ,2.0
2026-04-27|FLUMINENSE|CHAPECOENSE,FLUMINENSE,SAVARINO,3.0
2026-04-27|RED BULL BRAGANTINO|PALMEIRAS,RED BULL BRAGANTINO,GABRIEL,2.0
2026-04-27|RED BULL BRAGANTINO|PALMEIRAS,RED BULL BRAGANTINO,HENRY MOSQUERA,1.0
2026-04-27|CORINTHIANS|VASCO,CORINTHIANS,BRENO BIDON,1.0
2026-04-27|CORINTHIANS|VASCO,VASCO,BARROS,1.0
2026-04-27|ATHLETICO-PR|VITÓRIA,VITÓRIA,MATHEUZINHO,1.0
2026-04-27|SÃO PAULO|MIRASSOL,SÃO PAULO,DANIELZINHO,1.0
2026-04-27|ATHLETICO-PR|VITÓRIA,ATHLETICO-PR,VIVEROS,3.0
2026-04-27|GRÊMIO|CORITIBA,CORITIBA,TIAGO CÓSER,1.0
2026-04-27|CORINTHIANS|VASCO,VASCO,JOHAN ROJAS,4.0
2026-04-27|ATLÉTICO-MG|FLAMENGO,FLAMENGO,PEDRO,1.0
2026-04-27|SÃO PAULO|MIRASSOL,SÃO PAULO,LUCIANO,3.0
2026-04-27|BOTAFOGO|INTERNACIONAL,INTERNACIONAL,BERNABEI,1.0
2026-04-27|SÃO PAULO|MIRASSOL,SÃO PAULO,BOBADILLA,4.0
2026-04-27|SÃO PAULO|MIRASSOL,MIRASSOL,IGOR FORMIGA,1.0
2026-04-27|SÃO PAULO|MIRASSOL,MIRASSOL,ALESSON,1.0
2026-04-27|ATHLETICO-PR|VITÓRIA,VITÓRIA,RAMON,1.0
2026-04-27|GRÊMIO|CORITIBA,GRÊMIO,TETÊ,1.0
2026-04-27|BOTAFOGO|INTERNACIONAL,INTERNACIONAL,BRUNO HENRIQUE,1.0
2026-04-27|REMO|CRUZEIRO,REMO,MARCELINHO,3.0
2026-04-27|ATLÉTICO-MG|FLAMENGO,ATLÉTICO-MG,BERNARD,2.0
2026-04-27|BAHIA|SANTOS,SANTOS,GABRIEL BONTEMPO,1.0
2026-04-27|BOTAFOGO|INTERNACIONAL,BOTAFOGO,EDENÍLSON,2.0
2026-04-27|BAHIA|SANTOS,SANTOS,THACIANO,1.0
2026-04-27|ATHLETICO-PR|VITÓRIA,ATHLETICO-PR,ARTHUR DIAS,1.0
2026-04-27|GRÊMIO|CORITIBA,GRÊMIO,GABRIEL MEC,1.0
2026-04-27|GRÊMIO|CORITIBA,GRÊMIO,NARDONI,1.0
2026-04-27|ATLÉTICO-MG|FLAMENGO,ATLÉTICO-MG,CASSIERRA,2.0
2026-04-27|REMO|CRUZEIRO,REMO,JOSÉ WELISON,1.0
2026-04-27|REMO|CRUZEIRO,REMO,PATRICK,1.0
2026-04-27|GRÊMIO|CORITIBA,GRÊMIO,NORIEGA,2.0
2026-04-27|CORINTHIANS|VASCO,VASCO,BRENNER,2.0
2026-04-27|CORINTHIANS|VASCO,CORINTHIANS,GABRIEL PAULISTA,1.0
2026-04-27|CORINTHIANS|VASCO,VASCO,LUCAS PITON,1.0
2026-04-27|FLUMINENSE|CHAPECOENSE,FLUMINENSE,GUILHERME ARANA,2.0
2026-04-27|FLUMINENSE|CHAPECOENSE,FLUMINENSE,CANOBBIO,4.0
2026-04-27|CORINTHIANS|VASCO,CORINTHIANS,YURI ALBERTO,2.0
2026-04-27|BAHIA|SANTOS,SANTOS,RONY,1.0
2026-04-27|REMO|CRUZEIRO,REMO,TCHAMBA,1.0
2026-04-27|BOTAFOGO|INTERNACIONAL,BOTAFOGO,ALLAN,1.0
2026-04-27|FLUMINENSE|CHAPECOENSE,FLUMINENSE,RODRIGO CASTILLO,1.0
2026-04-27|BAHIA|SANTOS,SANTOS,ROLLHEISER,1.0
2026-04-27|ATLÉTICO-MG|FLAMENGO,FLAMENGO,ARRASCAETA,1.0
2026-04-27|CORINTHIANS|VASCO,VASCO,SALDIVIA,1.0
2026-04-27|CORINTHIANS|VASCO,CORINTHIANS,MATHEUS BIDU,1.0
2026-04-27|CORINTHIANS|VASCO,VASCO,CUIABANO,1.0
2026-04-27|ATHLETICO-PR|VITÓRIA,ATHLETICO-PR,ESQUIVEL,3.0
2026-04-27|SÃO PAULO|MIRASSOL,MIRASSOL,REINALDO,2.0
2026-04-27|ATHLETICO-PR|VITÓRIA,ATHLETICO-PR,BENAVÍDEZ,1.0
2026-04-27|BAHIA|SANTOS,BAHIA,EVERTON RIBEIRO,2.0
2026-04-27|RED BULL BRAGANTINO|PALMEIRAS,RED BULL BRAGANTINO,VINICINHO,1.0
2026-04-27|GRÊMIO|CORITIBA,CORITIBA,WILLIAN OLIVEIRA,1.0
2026-04-27|ATLÉTICO-MG|FLAMENGO,FLAMENGO,JORGINHO,1.0
2026-04-27|BOTAFOGO|INTERNACIONAL,INTERNACIONAL,VILLAGRA,1.0
2026-04-27|SÃO PAULO|MIRASSOL,SÃO PAULO,WENDELL,2.0
2026-04-27|FLUMINENSE|CHAPECOENSE,FLUMINENSE,GUGA,2.0
2026-04-27|FLUMINENSE|CHAPECOENSE,FLUMINENSE,SOTELDO,1.0
2026-04-27|ATHLETICO-PR|VITÓRIA,ATHLETICO-PR,JOÃO CRUZ,3.0
2026-04-27|BAHIA|SANTOS,SANTOS,LAUTARO DÍAZ,1.0
2026-04-27|BAHIA|SANTOS,SANTOS,ESCOBAR,2.0
2026-04-27|SÃO PAULO|MIRASSOL,MIRASSOL,ANDRÉ LUIS,2.0
2026-04-27|ATLÉTICO-MG|FLAMENGO,FLAMENGO,PLATA,1.0
2026-04-27|SÃO PAULO|MIRASSOL,MIRASSOL,EDUARDO,1.0
2026-04-27|FLUMINENSE|CHAPECOENSE,CHAPECOENSE,NETO PESSOA,1.0
2026-04-27|ATLÉTICO-MG|FLAMENGO,ATLÉTICO-MG,MAYCON,3.0
2026-04-27|ATHLETICO-PR|VITÓRIA,ATHLETICO-PR,FELIPE CHIQUETI,1.0
2026-04-27|RED BULL BRAGANTINO|PALMEIRAS,RED BULL BRAGANTINO,RODRIGUINHO,1.0
2026-04-27|ATLÉTICO-MG|FLAMENGO,ATLÉTICO-MG,NATANAEL,2.0
2026-04-27|SÃO PAULO|MIRASSOL,SÃO PAULO,RAFAEL TOLÓI,1.0
2026-04-27|REMO|CRUZEIRO,REMO,MAYK,2.0
2026-04-27|GRÊMIO|CORITIBA,GRÊMIO,PEDRO GABRIEL,1.0
2026-04-27|BOTAFOGO|INTERNACIONAL,BOTAFOGO,MATEO PONTE,3.0
2026-04-27|GRÊMIO|CORITIBA,GRÊMIO,WAGNER LEONARDO,1.0
2026-04-27|FLUMINENSE|CHAPECOENSE,CHAPECOENSE,GARCEZ,2.0
2026-04-27|ATLÉTICO-MG|FLAMENGO,ATLÉTICO-MG,MINDA,1.0
2026-04-27|SÃO PAULO|MIRASSOL,MIRASSOL,LUCAS OLIVEIRA,1.0
2026-04-27|CORINTHIANS|VASCO,VASCO,ADSON,2.0
2026-04-27|BOTAFOGO|INTERNACIONAL,INTERNACIONAL,ALLEX,1.0
2026-05-04|VITÓRIA|CORITIBA,CORITIBA,PEDRO ROCHA,1.0
2026-05-04|CRUZEIRO|ATLÉTICO-MG,CRUZEIRO,MATHEUS HENRIQUE,1.0
2026-05-04|INTERNACIONAL|FLUMINENSE,FLUMINENSE,SERNA,1.0
2026-05-04|ATHLETICO-PR|GRÊMIO,GRÊMIO,PAVÓN,2.0
2026-05-04|INTERNACIONAL|FLUMINENSE,INTERNACIONAL,CARBONERO,1.0
2026-05-04|BOTAFOGO|REMO,REMO,ALEF MANGA,1.0
2026-05-04|BOTAFOGO|REMO,REMO,MARLLON,1.0
2026-05-04|PALMEIRAS|SANTOS,PALMEIRAS,GUSTAVO GÓMEZ,1.0
2026-05-04|FLAMENGO|VASCO,VASCO,THIAGO MENDES,3.0
2026-05-04|PALMEIRAS|SANTOS,PALMEIRAS,RAMÓN SOSA,1.0
2026-05-04|SÃO PAULO|BAHIA,BAHIA,LUCIANO JUBA,5.0
2026-05-04|PALMEIRAS|SANTOS,PALMEIRAS,MARLON FREITAS,5.0
2026-05-04|BOTAFOGO|REMO,REMO,YAGO PIKACHU,2.0
2026-05-04|SÃO PAULO|BAHIA,BAHIA,CRISTIAN OLIVERA,1.0
2026-05-04|SÃO PAULO|BAHIA,BAHIA,JEAN LUCAS,1.0
2026-05-04|SÃO PAULO|BAHIA,BAHIA,ADEMIR,1.0
2026-05-04|CHAPECOENSE|RED BULL BRAGANTINO,RED BULL BRAGANTINO,LUCAS BARBOSA,1.0
2026-05-04|CRUZEIRO|ATLÉTICO-MG,ATLÉTICO-MG,RUAN,1.0
2026-05-04|CRUZEIRO|ATLÉTICO-MG,CRUZEIRO,ARROYO,2.0
2026-05-04|INTERNACIONAL|FLUMINENSE,INTERNACIONAL,VITINHO,1.0
2026-05-04|FLAMENGO|VASCO,VASCO,ANDRÉS GÓMEZ,1.0
2026-05-04|CRUZEIRO|ATLÉTICO-MG,ATLÉTICO-MG,RENAN LODI,1.0
2026-05-04|BOTAFOGO|REMO,REMO,ZÉ RICARDO,2.0
2026-05-04|VITÓRIA|CORITIBA,CORITIBA,MAICON,1.0
2026-05-04|VITÓRIA|CORITIBA,CORITIBA,JOSUÉ,1.0
2026-05-04|CRUZEIRO|ATLÉTICO-MG,CRUZEIRO,GERSON,1.0
2026-05-04|BOTAFOGO|REMO,BOTAFOGO,MATHEUS MARTINS,1.0
2026-05-04|PALMEIRAS|SANTOS,PALMEIRAS,MAURÍCIO,1.0
2026-05-04|INTERNACIONAL|FLUMINENSE,INTERNACIONAL,BERNABEI,1.0
2026-05-04|FLAMENGO|VASCO,FLAMENGO,PEDRO,2.0
2026-05-04|CRUZEIRO|ATLÉTICO-MG,CRUZEIRO,MATHEUS PEREIRA,3.0
2026-05-04|FLAMENGO|VASCO,VASCO,JOHAN ROJAS,1.0
2026-05-04|CHAPECOENSE|RED BULL BRAGANTINO,CHAPECOENSE,MARCINHO,2.0
2026-05-04|CHAPECOENSE|RED BULL BRAGANTINO,RED BULL BRAGANTINO,GABRIEL,1.0
2026-05-04|INTERNACIONAL|FLUMINENSE,FLUMINENSE,SAVARINO,4.0
2026-05-04|VITÓRIA|CORITIBA,VITÓRIA,ERICK,2.0
2026-05-04|FLAMENGO|VASCO,VASCO,DAVID,1.0
2026-05-04|FLAMENGO|VASCO,VASCO,BARROS,1.0
2026-05-04|FLAMENGO|VASCO,VASCO,NUNO MOREIRA,1.0
2026-05-04|SÃO PAULO|BAHIA,SÃO PAULO,LUCIANO,1.0
2026-05-04|ATHLETICO-PR|GRÊMIO,ATHLETICO-PR,MENDOZA,1.0
2026-05-04|BOTAFOGO|REMO,BOTAFOGO,VITINHO,1.0
2026-05-04|SÃO PAULO|BAHIA,SÃO PAULO,DANIELZINHO,1.0
2026-05-04|SÃO PAULO|BAHIA,SÃO PAULO,BOBADILLA,2.0
2026-05-04|SÃO PAULO|BAHIA,BAHIA,WILLIAN JOSÉ,1.0
2026-05-04|BOTAFOGO|REMO,BOTAFOGO,ALEX TELLES,3.0
2026-05-04|CHAPECOENSE|RED BULL BRAGANTINO,CHAPECOENSE,BOLASIE,2.0
2026-05-04|BOTAFOGO|REMO,REMO,JOSÉ WELISON,1.0
2026-05-04|FLAMENGO|VASCO,FLAMENGO,VARELA,1.0
2026-05-04|PALMEIRAS|SANTOS,SANTOS,GABRIEL BONTEMPO,2.0
2026-05-04|CHAPECOENSE|RED BULL BRAGANTINO,CHAPECOENSE,CAMILO,2.0
2026-05-04|CHAPECOENSE|RED BULL BRAGANTINO,CHAPECOENSE,EVERTON,2.0
2026-05-04|CHAPECOENSE|RED BULL BRAGANTINO,RED BULL BRAGANTINO,GUSTAVINHO,1.0
2026-05-04|ATHLETICO-PR|GRÊMIO,ATHLETICO-PR,DUDU,1.0
2026-05-04|BOTAFOGO|REMO,REMO,JAJÁ,3.0
2026-05-04|ATHLETICO-PR|GRÊMIO,GRÊMIO,GABRIEL MEC,1.0
2026-05-04|BOTAFOGO|REMO,REMO,PATRICK,1.0
2026-05-04|BOTAFOGO|REMO,REMO,MARCELINHO,1.0
2026-05-04|SÃO PAULO|BAHIA,SÃO PAULO,CAULY,3.0
2026-05-04|PALMEIRAS|SANTOS,PALMEIRAS,KHELLVEN,3.0
2026-05-04|CHAPECOENSE|RED BULL BRAGANTINO,RED BULL BRAGANTINO,HERRERA,1.0
2026-05-04|PALMEIRAS|SANTOS,SANTOS,ROLLHEISER,5.0
2026-05-04|BOTAFOGO|REMO,BOTAFOGO,FERRARESI,1.0
2026-05-04|FLAMENGO|VASCO,VASCO,LUCAS PITON,3.0
2026-05-04|VITÓRIA|CORITIBA,VITÓRIA,CAÍQUE,1.0
2026-05-04|ATHLETICO-PR|GRÊMIO,ATHLETICO-PR,ESQUIVEL,1.0
2026-05-04|ATHLETICO-PR|GRÊMIO,ATHLETICO-PR,BENAVÍDEZ,2.0
2026-05-04|ATHLETICO-PR|GRÊMIO,GRÊMIO,GUSTAVO MARTINS,1.0
2026-05-04|INTERNACIONAL|FLUMINENSE,FLUMINENSE,GUILHERME ARANA,1.0
2026-05-04|SÃO PAULO|BAHIA,BAHIA,EVERTON RIBEIRO,4.0
2026-05-04|SÃO PAULO|BAHIA,SÃO PAULO,WENDELL,1.0
2026-05-04|FLAMENGO|VASCO,FLAMENGO,LUIZ ARAÚJO,3.0
2026-05-04|PALMEIRAS|SANTOS,SANTOS,IGOR VINÍCIUS,2.0
2026-05-04|FLAMENGO|VASCO,FLAMENGO,JORGINHO,1.0
2026-05-04|MIRASSOL|CORINTHIANS,MIRASSOL,SHAYLON,1.0
2026-05-04|MIRASSOL|CORINTHIANS,CORINTHIANS,ALLAN,1.0
2026-05-04|INTERNACIONAL|FLUMINENSE,INTERNACIONAL,VILLAGRA,2.0
2026-05-04|VITÓRIA|CORITIBA,VITÓRIA,EMMANUEL MARTÍNEZ,1.0
2026-05-04|ATHLETICO-PR|GRÊMIO,ATHLETICO-PR,JOÃO CRUZ,2.0
2026-05-04|INTERNACIONAL|FLUMINENSE,FLUMINENSE,SOTELDO,2.0
2026-05-04|INTERNACIONAL|FLUMINENSE,INTERNACIONAL,THIAGO MAIA,2.0
2026-05-04|CRUZEIRO|ATLÉTICO-MG,CRUZEIRO,LUCAS ROMERO,2.0
2026-05-04|SÃO PAULO|BAHIA,SÃO PAULO,LUCAS MOURA,1.0
2026-05-04|CHAPECOENSE|RED BULL BRAGANTINO,CHAPECOENSE,GIOVANNI AUGUSTO,1.0
2026-05-04|FLAMENGO|VASCO,FLAMENGO,DE LA CRUZ,2.0
2026-05-04|CHAPECOENSE|RED BULL BRAGANTINO,CHAPECOENSE,MARCOS VINÍCIUS,2.0
2026-05-04|PALMEIRAS|SANTOS,SANTOS,GABRIEL,2.0
2026-05-04|SÃO PAULO|BAHIA,BAHIA,SANABRIA,1.0
2026-05-04|BOTAFOGO|REMO,BOTAFOGO,MEDINA,2.0
2026-05-04|CRUZEIRO|ATLÉTICO-MG,ATLÉTICO-MG,MAYCON,1.0
2026-05-04|ATHLETICO-PR|GRÊMIO,GRÊMIO,PEDRO GABRIEL,2.0
2026-05-04|INTERNACIONAL|FLUMINENSE,INTERNACIONAL,MATHEUS BAHIA,1.0
2026-05-04|MIRASSOL|CORINTHIANS,CORINTHIANS,LINGARD,1.0
2026-05-04|MIRASSOL|CORINTHIANS,MIRASSOL,VICTOR LUIS,1.0
2026-05-04|VITÓRIA|CORITIBA,VITÓRIA,ZÉ VITOR,1.0
2026-05-04|VITÓRIA|CORITIBA,VITÓRIA,RENÊ,1.0
2026-05-04|BOTAFOGO|REMO,BOTAFOGO,KADIR,1.0
2026-05-04|CHAPECOENSE|RED BULL BRAGANTINO,CHAPECOENSE,ÊNIO,1.0
2026-05-04|BOTAFOGO|REMO,REMO,DAVID BRAGA,1.0
2026-05-04|INTERNACIONAL|FLUMINENSE,FLUMINENSE,NONATO,1.0
2026-05-04|ATHLETICO-PR|GRÊMIO,ATHLETICO-PR,RIQUELME,1.0
2026-05-04|BOTAFOGO|REMO,BOTAFOGO,MARÇAL,1.0
2026-05-04|PALMEIRAS|SANTOS,PALMEIRAS,PAULINHO,1.0
2026-05-11|CORITIBA|INTERNACIONAL,CORITIBA,LUCAS RONIER,1.0
2026-05-11|GRÊMIO|FLAMENGO,GRÊMIO,PAVÓN,1.0
2026-05-11|CORITIBA|INTERNACIONAL,INTERNACIONAL,CARBONERO,2.0
2026-05-11|BAHIA|CRUZEIRO,CRUZEIRO,MATHEUS HENRIQUE,2.0
2026-05-11|REMO|PALMEIRAS,PALMEIRAS,ANDREAS PEREIRA,1.0
2026-05-11|REMO|PALMEIRAS,PALMEIRAS,GUSTAVO GÓMEZ,1.0
2026-05-11|REMO|PALMEIRAS,PALMEIRAS,RAMÓN SOSA,4.0
2026-05-11|BAHIA|CRUZEIRO,BAHIA,LUCIANO JUBA,1.0
2026-05-11|CORINTHIANS|SÃO PAULO,CORINTHIANS,GARRO,1.0
2026-05-11|REMO|PALMEIRAS,REMO,ZÉ RICARDO,1.0
2026-05-11|SANTOS|RED BULL BRAGANTINO,RED BULL BRAGANTINO,ISIDRO PITTA,1.0
2026-05-11|REMO|PALMEIRAS,REMO,YAGO PIKACHU,4.0
2026-05-11|BAHIA|CRUZEIRO,CRUZEIRO,FABRÍCIO BRUNO,1.0
2026-05-11|ATLÉTICO-MG|BOTAFOGO,ATLÉTICO-MG,RENAN LODI,3.0
2026-05-11|SANTOS|RED BULL BRAGANTINO,RED BULL BRAGANTINO,LUCAS BARBOSA,3.0
2026-05-11|ATLÉTICO-MG|BOTAFOGO,ATLÉTICO-MG,CUELLO,1.0
2026-05-11|BAHIA|CRUZEIRO,BAHIA,ERICK PULGA,1.0
2026-05-11|BAHIA|CRUZEIRO,BAHIA,SANTIAGO MINGO,2.0
2026-05-11|FLUMINENSE|VITÓRIA,VITÓRIA,RAMON,2.0
2026-05-11|GRÊMIO|FLAMENGO,GRÊMIO,AMUZU,1.0
2026-05-11|CORINTHIANS|SÃO PAULO,CORINTHIANS,BRENO BIDON,3.0
2026-05-11|BAHIA|CRUZEIRO,CRUZEIRO,MATHEUS PEREIRA,5.0
2026-05-11|SANTOS|RED BULL BRAGANTINO,RED BULL BRAGANTINO,GABRIEL,1.0
2026-05-11|GRÊMIO|FLAMENGO,FLAMENGO,SAMUEL LINO,1.0
2026-05-11|SANTOS|RED BULL BRAGANTINO,RED BULL BRAGANTINO,JUNINHO CAPIXABA,1.0
2026-05-11|FLUMINENSE|VITÓRIA,FLUMINENSE,SAVARINO,2.0
2026-05-11|VASCO|ATHLETICO-PR,VASCO,JOHAN ROJAS,2.0
2026-05-11|CORITIBA|INTERNACIONAL,CORITIBA,BRUNO MELO,1.0
2026-05-11|CORINTHIANS|SÃO PAULO,SÃO PAULO,BOBADILLA,1.0
2026-05-11|MIRASSOL|CHAPECOENSE,MIRASSOL,ALESSON,1.0
2026-05-11|CORITIBA|INTERNACIONAL,INTERNACIONAL,BERNABEI,2.0
2026-05-11|MIRASSOL|CHAPECOENSE,CHAPECOENSE,ÍTALO,1.0
2026-05-11|CORINTHIANS|SÃO PAULO,SÃO PAULO,DANIELZINHO,1.0
2026-05-11|REMO|PALMEIRAS,REMO,PATRICK,2.0
2026-05-11|SANTOS|RED BULL BRAGANTINO,RED BULL BRAGANTINO,HENRY MOSQUERA,1.0
2026-05-11|CORITIBA|INTERNACIONAL,INTERNACIONAL,ALAN PATRICK,2.0
2026-05-11|FLUMINENSE|VITÓRIA,FLUMINENSE,HULK,16.0
2026-05-11|REMO|PALMEIRAS,REMO,JAJÁ,1.0
2026-05-11|BAHIA|CRUZEIRO,BAHIA,ERICK,1.0
2026-05-11|ATLÉTICO-MG|BOTAFOGO,BOTAFOGO,ALEX TELLES,1.0
2026-05-11|ATLÉTICO-MG|BOTAFOGO,ATLÉTICO-MG,BERNARD,2.0
2026-05-11|ATLÉTICO-MG|BOTAFOGO,BOTAFOGO,EDENÍLSON,3.0
2026-05-11|ATLÉTICO-MG|BOTAFOGO,ATLÉTICO-MG,CASSIERRA,1.0
2026-05-11|REMO|PALMEIRAS,REMO,JOSÉ WELISON,2.0
2026-05-11|BAHIA|CRUZEIRO,BAHIA,EVERALDO,5.0
2026-05-11|CORITIBA|INTERNACIONAL,INTERNACIONAL,BRUNO HENRIQUE,2.0
2026-05-11|GRÊMIO|FLAMENGO,FLAMENGO,VARELA,1.0
2026-05-11|CORITIBA|INTERNACIONAL,INTERNACIONAL,FÉLIX TORRES,1.0
2026-05-11|CORINTHIANS|SÃO PAULO,CORINTHIANS,RANIELE,2.0
2026-05-11|REMO|PALMEIRAS,PALMEIRAS,KHELLVEN,2.0
2026-05-11|MIRASSOL|CHAPECOENSE,MIRASSOL,ALDO FILHO,4.0
2026-05-11|ATLÉTICO-MG|BOTAFOGO,BOTAFOGO,FERRARESI,1.0
2026-05-11|FLUMINENSE|VITÓRIA,FLUMINENSE,LUCHO ACOSTA,4.0
2026-05-11|SANTOS|RED BULL BRAGANTINO,SANTOS,ROLLHEISER,3.0
2026-05-11|FLUMINENSE|VITÓRIA,VITÓRIA,NATHAN MENDES,1.0
2026-05-11|CORITIBA|INTERNACIONAL,CORITIBA,TINGA,2.0
2026-05-11|CORINTHIANS|SÃO PAULO,CORINTHIANS,GUSTAVO HENRIQUE,1.0
2026-05-11|CORINTHIANS|SÃO PAULO,CORINTHIANS,MATHEUS BIDU,3.0
2026-05-11|CORINTHIANS|SÃO PAULO,CORINTHIANS,YURI ALBERTO,2.0
2026-05-11|GRÊMIO|FLAMENGO,FLAMENGO,CARRASCAL,2.0
2026-05-11|SANTOS|RED BULL BRAGANTINO,SANTOS,IGOR VINÍCIUS,1.0
2026-05-11|FLUMINENSE|VITÓRIA,VITÓRIA,EMMANUEL MARTÍNEZ,2.0
2026-05-11|BAHIA|CRUZEIRO,BAHIA,EVERTON RIBEIRO,1.0
2026-05-11|MIRASSOL|CHAPECOENSE,MIRASSOL,REINALDO,8.0
2026-05-11|FLUMINENSE|VITÓRIA,FLUMINENSE,SAMUEL XAVIER,1.0
2026-05-11|MIRASSOL|CHAPECOENSE,CHAPECOENSE,GIOVANNI AUGUSTO,2.0
2026-05-11|BAHIA|CRUZEIRO,CRUZEIRO,VILLARREAL,2.0
2026-05-11|FLUMINENSE|VITÓRIA,FLUMINENSE,SOTELDO,1.0
2026-05-11|BAHIA|CRUZEIRO,CRUZEIRO,FAGNER,1.0
2026-05-11|BAHIA|CRUZEIRO,CRUZEIRO,LUCAS ROMERO,1.0
2026-05-11|FLUMINENSE|VITÓRIA,VITÓRIA,RENATO KAYZER,1.0
2026-05-11|GRÊMIO|FLAMENGO,FLAMENGO,PLATA,1.0
2026-05-11|ATLÉTICO-MG|BOTAFOGO,BOTAFOGO,MEDINA,1.0
2026-05-11|ATLÉTICO-MG|BOTAFOGO,ATLÉTICO-MG,MAYCON,2.0
2026-05-11|ATLÉTICO-MG|BOTAFOGO,ATLÉTICO-MG,NATANAEL,1.0
2026-05-11|CORITIBA|INTERNACIONAL,INTERNACIONAL,MATHEUS BAHIA,2.0
2026-05-11|FLUMINENSE|VITÓRIA,VITÓRIA,ZÉ VITOR,1.0
2026-05-11|MIRASSOL|CHAPECOENSE,MIRASSOL,CARLOS EDUARDO,1.0
2026-05-11|SANTOS|RED BULL BRAGANTINO,SANTOS,NEYMAR,1.0
2026-05-11|ATLÉTICO-MG|BOTAFOGO,ATLÉTICO-MG,MINDA,2.0
2026-05-11|CORINTHIANS|SÃO PAULO,CORINTHIANS,LINGARD,2.0
2026-05-11|MIRASSOL|CHAPECOENSE,MIRASSOL,DENILSON,1.0
2026-05-11|MIRASSOL|CHAPECOENSE,MIRASSOL,EDSON CARIOCA,1.0
2026-05-11|MIRASSOL|CHAPECOENSE,CHAPECOENSE,GARCEZ,2.0
2026-05-11|MIRASSOL|CHAPECOENSE,CHAPECOENSE,ÊNIO,1.0
2026-05-11|BAHIA|CRUZEIRO,CRUZEIRO,KAIQUE KENJI,1.0
2026-05-11|FLUMINENSE|VITÓRIA,FLUMINENSE,NONATO,1.0
2026-05-11|ATLÉTICO-MG|BOTAFOGO,ATLÉTICO-MG,ALEXSANDER,1.0
2026-05-11|CORINTHIANS|SÃO PAULO,CORINTHIANS,KAIO CÉSAR,2.0
2026-05-11|CORITIBA|INTERNACIONAL,CORITIBA,GUSTAVO,1.0
2026-05-18|PALMEIRAS|CRUZEIRO,PALMEIRAS,ANDREAS PEREIRA,1.0
2026-05-18|INTERNACIONAL|VASCO,VASCO,ROBERT RENAN,1.0
2026-05-18|PALMEIRAS|CRUZEIRO,PALMEIRAS,FLACO LÓPEZ,1.0
2026-05-18|BAHIA|GRÊMIO,GRÊMIO,WEVERTON,1.0
2026-05-18|INTERNACIONAL|VASCO,INTERNACIONAL,BRUNO GOMES,1.0
2026-05-18|INTERNACIONAL|VASCO,INTERNACIONAL,CARBONERO,1.0
2026-05-18|CHAPECOENSE|REMO,REMO,ALEF MANGA,1.0
2026-05-18|ATLÉTICO-MG|MIRASSOL,ATLÉTICO-MG,RENAN LODI,3.0
2026-05-18|RED BULL BRAGANTINO|VITÓRIA,RED BULL BRAGANTINO,LUCAS BARBOSA,1.0
2026-05-18|BAHIA|GRÊMIO,BAHIA,ERICK PULGA,1.0
2026-05-18|BOTAFOGO|CORINTHIANS,CORINTHIANS,GARRO,1.0
2026-05-18|INTERNACIONAL|VASCO,VASCO,ANDRÉS GÓMEZ,2.0
2026-05-18|PALMEIRAS|CRUZEIRO,PALMEIRAS,MARLON FREITAS,3.0
2026-05-18|BAHIA|GRÊMIO,BAHIA,LUCIANO JUBA,2.0
2026-04-03|PALMEIRAS|GRÊMIO,GRÊMIO,PAVÓN,1.0
2026-05-18|RED BULL BRAGANTINO|VITÓRIA,RED BULL BRAGANTINO,ISIDRO PITTA,1.0
2026-05-18|BAHIA|GRÊMIO,BAHIA,ADEMIR,1.0
2026-05-18|SANTOS|CORITIBA,CORITIBA,JOSUÉ,1.0
2026-05-18|CHAPECOENSE|REMO,REMO,YAGO PIKACHU,1.0
2026-05-18|PALMEIRAS|CRUZEIRO,CRUZEIRO,ARROYO,1.0
2026-05-18|ATHLETICO-PR|FLAMENGO,ATHLETICO-PR,MENDOZA,3.0
2026-05-18|ATHLETICO-PR|FLAMENGO,FLAMENGO,SAMUEL LINO,1.0
2026-05-18|CHAPECOENSE|REMO,CHAPECOENSE,MARCINHO,1.0
2026-05-18|INTERNACIONAL|VASCO,VASCO,THIAGO MENDES,2.0
2026-05-18|FLUMINENSE|SÃO PAULO,FLUMINENSE,SAVARINO,2.0
2026-05-18|CHAPECOENSE|REMO,CHAPECOENSE,EDUARDO DOMA,1.0
2026-05-18|INTERNACIONAL|VASCO,VASCO,NUNO MOREIRA,1.0
2026-05-18|ATHLETICO-PR|FLAMENGO,FLAMENGO,PEDRO,1.0
2026-05-18|PALMEIRAS|CRUZEIRO,CRUZEIRO,MATHEUS PEREIRA,2.0
2026-05-18|RED BULL BRAGANTINO|VITÓRIA,RED BULL BRAGANTINO,JUNINHO CAPIXABA,2.0
2026-05-18|RED BULL BRAGANTINO|VITÓRIA,RED BULL BRAGANTINO,GUSTAVO MARQUES,1.0
2026-05-18|BAHIA|GRÊMIO,BAHIA,WILLIAN JOSÉ,3.0
2026-05-18|PALMEIRAS|CRUZEIRO,PALMEIRAS,GIAY,1.0
2026-05-18|PALMEIRAS|CRUZEIRO,PALMEIRAS,MAURÍCIO,1.0
2026-05-18|INTERNACIONAL|VASCO,INTERNACIONAL,BERNABEI,2.0
2026-05-18|PALMEIRAS|CRUZEIRO,PALMEIRAS,LUCAS EVANGELISTA,1.0
2026-05-18|BOTAFOGO|CORINTHIANS,CORINTHIANS,BRENO BIDON,1.0
2026-05-18|RED BULL BRAGANTINO|VITÓRIA,RED BULL BRAGANTINO,GABRIEL,1.0
2026-05-18|BAHIA|GRÊMIO,GRÊMIO,GABRIEL MEC,1.0
2026-05-18|CHAPECOENSE|REMO,CHAPECOENSE,CAMILO,1.0
2026-05-18|CHAPECOENSE|REMO,REMO,JAJÁ,1.0
2026-05-18|INTERNACIONAL|VASCO,INTERNACIONAL,BRUNO HENRIQUE,1.0
2026-05-18|BOTAFOGO|CORINTHIANS,BOTAFOGO,ALEX TELLES,1.0
2026-05-18|SANTOS|CORITIBA,SANTOS,BARREAL,1.0
2026-05-18|RED BULL BRAGANTINO|VITÓRIA,RED BULL BRAGANTINO,HENRY MOSQUERA,5.0
2026-05-18|ATHLETICO-PR|FLAMENGO,FLAMENGO,VARELA,1.0
2026-05-18|ATLÉTICO-MG|MIRASSOL,ATLÉTICO-MG,BERNARD,2.0
2026-05-18|SANTOS|CORITIBA,CORITIBA,BRENO LOPES,2.0
2026-05-18|CHAPECOENSE|REMO,REMO,PATRICK,1.0
2026-05-18|ATLÉTICO-MG|MIRASSOL,ATLÉTICO-MG,CASSIERRA,2.0
2026-05-18|SANTOS|CORITIBA,SANTOS,GABRIEL BONTEMPO,2.0
2026-05-18|INTERNACIONAL|VASCO,VASCO,DAVID,1.0
2026-05-18|INTERNACIONAL|VASCO,VASCO,JOHAN ROJAS,1.0
2026-05-18|CHAPECOENSE|REMO,REMO,JOSÉ WELISON,1.0
2026-05-18|INTERNACIONAL|VASCO,VASCO,LUCAS PITON,3.0
2026-05-18|INTERNACIONAL|VASCO,VASCO,TCHÊ TCHÊ,1.0
2026-05-18|BOTAFOGO|CORINTHIANS,BOTAFOGO,ARTHUR CABRAL,1.0
2026-05-18|INTERNACIONAL|VASCO,VASCO,BRENNER,2.0
2026-05-18|BOTAFOGO|CORINTHIANS,CORINTHIANS,YURI ALBERTO,2.0
2026-05-18|RED BULL BRAGANTINO|VITÓRIA,RED BULL BRAGANTINO,GUSTAVINHO,1.0
2026-05-18|BOTAFOGO|CORINTHIANS,CORINTHIANS,MATHEUS BIDU,2.0
2026-05-18|FLUMINENSE|SÃO PAULO,FLUMINENSE,LUCHO ACOSTA,4.0
2026-05-18|RED BULL BRAGANTINO|VITÓRIA,RED BULL BRAGANTINO,HERRERA,1.0
2026-05-18|SANTOS|CORITIBA,SANTOS,ROLLHEISER,1.0
2026-05-18|CHAPECOENSE|REMO,CHAPECOENSE,RAFAEL CARVALHEIRA,1.0
2026-05-18|CHAPECOENSE|REMO,CHAPECOENSE,BRUNO LEONARDO,1.0
2026-05-18|FLUMINENSE|SÃO PAULO,SÃO PAULO,CAULY,3.0
2026-05-18|ATHLETICO-PR|FLAMENGO,ATHLETICO-PR,ZAPELLI,2.0
2026-05-18|ATHLETICO-PR|FLAMENGO,FLAMENGO,ALEX SANDRO,1.0
2026-05-18|PALMEIRAS|CRUZEIRO,CRUZEIRO,KAIO JORGE,3.0
2026-05-18|ATHLETICO-PR|FLAMENGO,FLAMENGO,CARRASCAL,3.0
2026-05-18|BAHIA|GRÊMIO,BAHIA,EVERTON RIBEIRO,1.0
2026-05-18|INTERNACIONAL|VASCO,INTERNACIONAL,VILLAGRA,1.0
2026-05-18|BOTAFOGO|CORINTHIANS,CORINTHIANS,MATHEUZINHO,4.0
2026-05-11|VASCO|ATHLETICO-PR,ATHLETICO-PR,LUIZ GUSTAVO,1.0
2026-05-18|BOTAFOGO|CORINTHIANS,CORINTHIANS,CARRILLO,1.0
2026-05-18|RED BULL BRAGANTINO|VITÓRIA,VITÓRIA,EMMANUEL MARTÍNEZ,2.0
2026-05-18|ATHLETICO-PR|FLAMENGO,ATHLETICO-PR,ESQUIVEL,1.0
2026-05-18|ATLÉTICO-MG|MIRASSOL,MIRASSOL,REINALDO,2.0
2026-05-18|INTERNACIONAL|VASCO,VASCO,PUMA RODRÍGUEZ,6.0
2026-05-18|RED BULL BRAGANTINO|VITÓRIA,VITÓRIA,BARALHAS,1.0
2026-05-18|FLUMINENSE|SÃO PAULO,FLUMINENSE,CANOBBIO,1.0
2026-05-18|PALMEIRAS|CRUZEIRO,PALMEIRAS,FELIPE ANDERSON,1.0
2026-05-18|ATLÉTICO-MG|MIRASSOL,MIRASSOL,SHAYLON,1.0
2026-05-18|FLUMINENSE|SÃO PAULO,SÃO PAULO,FERREIRA,1.0
2026-05-18|ATHLETICO-PR|FLAMENGO,ATHLETICO-PR,BENAVÍDEZ,1.0
2026-05-18|ATHLETICO-PR|FLAMENGO,ATHLETICO-PR,JOÃO CRUZ,2.0
2026-05-18|ATHLETICO-PR|FLAMENGO,FLAMENGO,JORGINHO,1.0
2026-05-18|SANTOS|CORITIBA,SANTOS,OLIVA,1.0
2026-05-18|BOTAFOGO|CORINTHIANS,CORINTHIANS,ALLAN,1.0
2026-05-18|FLUMINENSE|SÃO PAULO,SÃO PAULO,LUCAS RAMON,1.0
2026-05-18|SANTOS|CORITIBA,SANTOS,GABRIEL,1.0
2026-05-18|FLUMINENSE|SÃO PAULO,SÃO PAULO,TAPIA,1.0
2026-05-18|ATHLETICO-PR|FLAMENGO,FLAMENGO,BRUNO HENRIQUE,2.0
2026-05-18|FLUMINENSE|SÃO PAULO,SÃO PAULO,ANDRÉ SILVA,1.0
2026-05-18|CHAPECOENSE|REMO,REMO,VITOR BUENO,1.0
2026-05-18|BOTAFOGO|CORINTHIANS,BOTAFOGO,MEDINA,1.0
2026-05-18|BAHIA|GRÊMIO,BAHIA,SANABRIA,3.0
2026-05-18|INTERNACIONAL|VASCO,INTERNACIONAL,RONALDO,1.0
2026-05-18|CHAPECOENSE|REMO,CHAPECOENSE,MARCOS VINÍCIUS,3.0
2026-05-18|SANTOS|CORITIBA,SANTOS,NEYMAR,1.0
2026-05-18|ATLÉTICO-MG|MIRASSOL,ATLÉTICO-MG,MINDA,1.0
2026-05-18|RED BULL BRAGANTINO|VITÓRIA,VITÓRIA,RENÊ,2.0
2026-05-18|ATHLETICO-PR|FLAMENGO,FLAMENGO,PLATA,1.0
2026-05-18|ATHLETICO-PR|FLAMENGO,FLAMENGO,DE LA CRUZ,1.0
2026-05-18|RED BULL BRAGANTINO|VITÓRIA,RED BULL BRAGANTINO,RODRIGUINHO,1.0
2026-05-18|ATHLETICO-PR|FLAMENGO,ATHLETICO-PR,LÉO DERIK,1.0
2026-05-18|SANTOS|CORITIBA,SANTOS,GUSTAVO HENRIQUE,1.0
2026-05-18|CHAPECOENSE|REMO,CHAPECOENSE,GARCEZ,2.0
2026-05-18|CHAPECOENSE|REMO,CHAPECOENSE,NETO PESSOA,1.0
2026-05-18|BOTAFOGO|CORINTHIANS,BOTAFOGO,MATEO PONTE,1.0
2026-05-18|BOTAFOGO|CORINTHIANS,BOTAFOGO,KADIR,1.0
2026-05-18|CHAPECOENSE|REMO,CHAPECOENSE,ÊNIO,1.0
2026-05-18|ATHLETICO-PR|FLAMENGO,ATHLETICO-PR,RENAN PEIXOTO,1.0
2026-05-18|SANTOS|CORITIBA,SANTOS,ADONIS FRÍAS,1.0
2026-05-18|BOTAFOGO|CORINTHIANS,BOTAFOGO,VILLALBA,1.0
2026-05-18|ATHLETICO-PR|FLAMENGO,FLAMENGO,DANILO,1.0
2026-05-18|ATLÉTICO-MG|MIRASSOL,MIRASSOL,DANIEL BORGES,1.0
2026-05-18|BAHIA|GRÊMIO,GRÊMIO,MARCOS ROCHA,1.0
2026-05-18|SANTOS|CORITIBA,SANTOS,JOÃO ANANIAS,1.0
2026-05-18|BAHIA|GRÊMIO,BAHIA,CAIO SUASSUNA,2.0
2026-05-26|MIRASSOL|FLUMINENSE,FLUMINENSE,SERNA,1.0
2026-05-26|VITÓRIA|INTERNACIONAL,INTERNACIONAL,BRUNO GOMES,3.0
2026-05-26|FLAMENGO|PALMEIRAS,PALMEIRAS,FLACO LÓPEZ,3.0
2026-05-26|FLAMENGO|PALMEIRAS,PALMEIRAS,MARLON FREITAS,1.0
2026-05-26|GRÊMIO|SANTOS,GRÊMIO,PAVÓN,1.0
2026-05-26|VITÓRIA|INTERNACIONAL,INTERNACIONAL,VITINHO,2.0
2026-05-26|CRUZEIRO|CHAPECOENSE,CRUZEIRO,GERSON,1.0
2026-05-26|CORITIBA|BAHIA,CORITIBA,JOSUÉ,3.0
2026-05-26|CORINTHIANS|ATLÉTICO-MG,ATLÉTICO-MG,RENAN LODI,1.0
2026-05-26|VASCO|RED BULL BRAGANTINO,VASCO,ANDRÉS GÓMEZ,1.0
2026-05-26|FLAMENGO|PALMEIRAS,PALMEIRAS,ALLAN,1.0
2026-05-26|VITÓRIA|INTERNACIONAL,INTERNACIONAL,ALERRANDRO,1.0
2026-05-26|CORINTHIANS|ATLÉTICO-MG,CORINTHIANS,GARRO,1.0
2026-05-26|CORINTHIANS|ATLÉTICO-MG,ATLÉTICO-MG,CUELLO,1.0
2026-05-26|VASCO|RED BULL BRAGANTINO,RED BULL BRAGANTINO,JUNINHO CAPIXABA,1.0
2026-05-26|VASCO|RED BULL BRAGANTINO,RED BULL BRAGANTINO,GUSTAVO MARQUES,1.0
2026-05-26|CORITIBA|BAHIA,BAHIA,ACEVEDO,1.0
2026-05-26|CORITIBA|BAHIA,BAHIA,CRISTIAN OLIVERA,1.0
2026-05-26|CORINTHIANS|ATLÉTICO-MG,CORINTHIANS,BRENO BIDON,1.0
2026-05-26|CRUZEIRO|CHAPECOENSE,CRUZEIRO,MATHEUS PEREIRA,2.0
2026-05-26|GRÊMIO|SANTOS,GRÊMIO,AMUZU,2.0
2026-05-26|FLAMENGO|PALMEIRAS,FLAMENGO,SAMUEL LINO,5.0
2026-05-26|FLAMENGO|PALMEIRAS,FLAMENGO,LÉO ORTIZ,1.0
2026-05-26|MIRASSOL|FLUMINENSE,FLUMINENSE,FREYTES,1.0
2026-05-26|MIRASSOL|FLUMINENSE,MIRASSOL,ALESSON,1.0
2026-05-26|FLAMENGO|PALMEIRAS,FLAMENGO,PEDRO,1.0
2026-05-26|CORITIBA|BAHIA,CORITIBA,BRUNO MELO,1.0
2026-05-26|VITÓRIA|INTERNACIONAL,INTERNACIONAL,BERNABEI,3.0
2026-05-26|VASCO|RED BULL BRAGANTINO,VASCO,THIAGO MENDES,2.0
2026-05-26|SÃO PAULO|BOTAFOGO,SÃO PAULO,CALLERI,2.0
2026-05-26|SÃO PAULO|BOTAFOGO,SÃO PAULO,DANIELZINHO,1.0
2026-05-26|CORITIBA|BAHIA,BAHIA,WILLIAN JOSÉ,2.0
2026-05-26|CORINTHIANS|ATLÉTICO-MG,CORINTHIANS,RANIELE,1.0
2026-05-26|REMO|ATHLETICO-PR,REMO,JAJÁ,1.0
2026-05-26|VASCO|RED BULL BRAGANTINO,RED BULL BRAGANTINO,HENRY MOSQUERA,2.0
2026-05-26|VITÓRIA|INTERNACIONAL,VITÓRIA,ERICK,1.0
2026-05-26|VASCO|RED BULL BRAGANTINO,RED BULL BRAGANTINO,ALIX VINICIUS,3.0
2026-05-26|SÃO PAULO|BOTAFOGO,SÃO PAULO,LUCIANO,2.0
2026-05-26|CORINTHIANS|ATLÉTICO-MG,ATLÉTICO-MG,BERNARD,2.0
2026-05-26|SÃO PAULO|BOTAFOGO,BOTAFOGO,VITINHO,1.0
2026-05-26|CORITIBA|BAHIA,CORITIBA,SEBASTIÁN GÓMEZ,1.0
2026-05-26|GRÊMIO|SANTOS,SANTOS,GABRIEL BONTEMPO,5.0
2026-05-26|VASCO|RED BULL BRAGANTINO,VASCO,BARROS,2.0
2026-05-26|VITÓRIA|INTERNACIONAL,INTERNACIONAL,BRUNO HENRIQUE,1.0
2026-05-26|VITÓRIA|INTERNACIONAL,VITÓRIA,MATHEUZINHO,1.0
2026-05-26|CORITIBA|BAHIA,CORITIBA,BRENO LOPES,1.0
2026-05-26|REMO|ATHLETICO-PR,ATHLETICO-PR,VIVEROS,1.0
2026-05-26|FLAMENGO|PALMEIRAS,FLAMENGO,VARELA,1.0
2026-05-26|SÃO PAULO|BOTAFOGO,BOTAFOGO,ARTHUR CABRAL,2.0
2026-05-26|CORINTHIANS|ATLÉTICO-MG,CORINTHIANS,YURI ALBERTO,1.0
2026-05-26|MIRASSOL|FLUMINENSE,FLUMINENSE,LUCHO ACOSTA,1.0
2026-05-26|SÃO PAULO|BOTAFOGO,BOTAFOGO,FERRARESI,2.0
2026-05-26|MIRASSOL|FLUMINENSE,MIRASSOL,ALDO FILHO,1.0
2026-05-26|CORINTHIANS|ATLÉTICO-MG,CORINTHIANS,MATHEUS BIDU,2.0
2026-05-26|VASCO|RED BULL BRAGANTINO,VASCO,BRENNER,1.0
2026-05-26|VASCO|RED BULL BRAGANTINO,RED BULL BRAGANTINO,HERRERA,5.0
2026-05-26|GRÊMIO|SANTOS,GRÊMIO,NORIEGA,1.0
2026-05-26|MIRASSOL|FLUMINENSE,MIRASSOL,WILLIAN MACHADO,1.0
2026-05-26|CORINTHIANS|ATLÉTICO-MG,CORINTHIANS,MATHEUZINHO,1.0
2026-05-26|FLAMENGO|PALMEIRAS,FLAMENGO,ALEX SANDRO,1.0
2026-05-26|FLAMENGO|PALMEIRAS,FLAMENGO,CARRASCAL,2.0
2026-05-26|CORINTHIANS|ATLÉTICO-MG,CORINTHIANS,ANDRÉ,1.0
2026-05-26|FLAMENGO|PALMEIRAS,PALMEIRAS,FELIPE ANDERSON,1.0
2026-05-26|CORITIBA|BAHIA,BAHIA,EVERTON RIBEIRO,2.0
2026-05-26|CRUZEIRO|CHAPECOENSE,CRUZEIRO,KAIO JORGE,1.0
2026-05-26|REMO|ATHLETICO-PR,ATHLETICO-PR,ZAPELLI,2.0
2026-05-26|REMO|ATHLETICO-PR,ATHLETICO-PR,BENAVÍDEZ,1.0
2026-05-26|MIRASSOL|FLUMINENSE,MIRASSOL,REINALDO,2.0
2026-05-26|CORINTHIANS|ATLÉTICO-MG,CORINTHIANS,GABRIEL PAULISTA,1.0
2026-05-26|VITÓRIA|INTERNACIONAL,INTERNACIONAL,VILLAGRA,1.0
2026-05-26|MIRASSOL|FLUMINENSE,FLUMINENSE,SAMUEL XAVIER,1.0
2026-05-26|FLAMENGO|PALMEIRAS,FLAMENGO,EVERTTON ARAÚJO,1.0
2026-05-26|FLAMENGO|PALMEIRAS,PALMEIRAS,ALEXANDER BARBOZA,6.0
2026-05-26|FLAMENGO|PALMEIRAS,FLAMENGO,JORGINHO,1.0
2026-05-26|CRUZEIRO|CHAPECOENSE,CRUZEIRO,LUCAS ROMERO,1.0
2026-05-26|GRÊMIO|SANTOS,SANTOS,WILLIAN ARÃO,1.0
2026-05-26|MIRASSOL|FLUMINENSE,FLUMINENSE,SOTELDO,1.0
2026-05-26|FLAMENGO|PALMEIRAS,FLAMENGO,LUCAS PAQUETÁ,3.0
2026-05-26|VITÓRIA|INTERNACIONAL,INTERNACIONAL,MERCADO,1.0
2026-05-26|REMO|ATHLETICO-PR,ATHLETICO-PR,JADSON,1.0
2026-05-26|CORITIBA|BAHIA,CORITIBA,JP CHERMONT,1.0
2026-05-26|REMO|ATHLETICO-PR,ATHLETICO-PR,JOÃO CRUZ,3.0
2026-05-26|VASCO|RED BULL BRAGANTINO,VASCO,CUIABANO,2.0
2026-05-26|CORITIBA|BAHIA,CORITIBA,THIAGO SANTOS,1.0
2026-05-26|MIRASSOL|FLUMINENSE,FLUMINENSE,RENÊ,1.0
2026-05-26|CORINTHIANS|ATLÉTICO-MG,ATLÉTICO-MG,MAYCON,1.0
2026-05-26|FLAMENGO|PALMEIRAS,FLAMENGO,BRUNO HENRIQUE,2.0
2026-05-26|MIRASSOL|FLUMINENSE,MIRASSOL,EDSON CARIOCA,3.0
2026-05-26|FLAMENGO|PALMEIRAS,FLAMENGO,PLATA,1.0
2026-05-26|CORINTHIANS|ATLÉTICO-MG,ATLÉTICO-MG,MINDA,2.0
2026-05-26|VITÓRIA|INTERNACIONAL,INTERNACIONAL,MATHEUS BAHIA,1.0
2026-05-26|CRUZEIRO|CHAPECOENSE,CHAPECOENSE,GARCEZ,1.0
2026-05-26|CRUZEIRO|CHAPECOENSE,CHAPECOENSE,BRUNO PACHECO,1.0
2026-05-26|CRUZEIRO|CHAPECOENSE,CHAPECOENSE,ÊNIO,1.0
2026-05-26|GRÊMIO|SANTOS,SANTOS,GUSTAVO HENRIQUE,1.0
2026-05-26|SÃO PAULO|BOTAFOGO,BOTAFOGO,KADIR,1.0
2026-05-26|SÃO PAULO|BOTAFOGO,BOTAFOGO,SANTI RODRÍGUEZ,1.0
2026-05-26|VITÓRIA|INTERNACIONAL,VITÓRIA,LUAN CÂNDIDO,1.0
2026-05-26|GRÊMIO|SANTOS,SANTOS,MIGUELITO,1.0
2026-05-26|GRÊMIO|SANTOS,GRÊMIO,CAIO PAULISTA,1.0
2026-05-26|REMO|ATHLETICO-PR,ATHLETICO-PR,RENAN PEIXOTO,1.0
2026-05-26|VASCO|RED BULL BRAGANTINO,VASCO,ADSON,1.0
2026-05-26|VITÓRIA|INTERNACIONAL,INTERNACIONAL,ALLEX,1.0
2026-05-26|CRUZEIRO|CHAPECOENSE,CRUZEIRO,KAIQUE KENJI,3.0
2026-05-26|SÃO PAULO|BOTAFOGO,BOTAFOGO,JOAQUÍN CORREA,1.0
2026-05-26|CRUZEIRO|CHAPECOENSE,CHAPECOENSE,JOÃO PAULO,1.0
2026-05-26|REMO|ATHLETICO-PR,ATHLETICO-PR,GILBERTO,1.0
2026-05-26|CRUZEIRO|CHAPECOENSE,CRUZEIRO,SINISTERRA,1.0
2026-05-26|REMO|ATHLETICO-PR,ATHLETICO-PR,LEOZINHO,4.0
2026-05-26|VASCO|RED BULL BRAGANTINO,VASCO,JOÃO VITOR,3.0
2026-05-26|MIRASSOL|FLUMINENSE,MIRASSOL,DANIEL BORGES,1.0
2026-05-26|SÃO PAULO|BOTAFOGO,BOTAFOGO,MARÇAL,1.0
2026-05-26|CORITIBA|BAHIA,BAHIA,IAGO,1.0
2026-05-26|CORITIBA|BAHIA,BAHIA,ROMÁN GÓMEZ,2.0
2026-05-26|REMO|ATHLETICO-PR,ATHLETICO-PR,CLAUDINHO,2.0
2026-05-26|SÃO PAULO|BOTAFOGO,BOTAFOGO,HUGUINHO,1.0
2026-05-26|GRÊMIO|SANTOS,GRÊMIO,LUIS EDUARDO,1.0
2026-07-07|FLAMENGO|CORITIBA,CORITIBA,VINI PAULISTA,1.0
2026-07-07|VASCO|ATLÉTICO-MG,VASCO,ROBERT RENAN,2.0
2026-07-07|RED BULL BRAGANTINO|INTERNACIONAL,RED BULL BRAGANTINO,ISIDRO PITTA,1.0
2026-07-07|PALMEIRAS|CHAPECOENSE,PALMEIRAS,ALLAN,4.0
2026-07-07|FLAMENGO|CORITIBA,CORITIBA,LAVEGA,1.0
2026-07-07|VASCO|ATLÉTICO-MG,ATLÉTICO-MG,RENAN LODI,2.0
2026-07-07|FLAMENGO|CORITIBA,CORITIBA,JOSUÉ,1.0
2026-07-07|RED BULL BRAGANTINO|INTERNACIONAL,INTERNACIONAL,VITINHO,1.0
2026-07-07|PALMEIRAS|CHAPECOENSE,PALMEIRAS,MARLON FREITAS,2.0
2026-07-07|GRÊMIO|CORINTHIANS,CORINTHIANS,GARRO,5.0
2026-07-07|BAHIA|BOTAFOGO,BAHIA,WILLIAN JOSÉ,3.0
2026-07-07|PALMEIRAS|CHAPECOENSE,PALMEIRAS,LUCAS EVANGELISTA,1.0
2026-07-07|PALMEIRAS|CHAPECOENSE,CHAPECOENSE,MARCINHO,1.0
2026-07-07|VASCO|ATLÉTICO-MG,VASCO,THIAGO MENDES,2.0
2026-07-07|ATHLETICO-PR|MIRASSOL,MIRASSOL,ALESSON,1.0
2026-07-07|RED BULL BRAGANTINO|INTERNACIONAL,RED BULL BRAGANTINO,GUSTAVO MARQUES,1.0
2026-07-07|FLAMENGO|CORITIBA,FLAMENGO,PEDRO,1.0
2026-07-07|RED BULL BRAGANTINO|INTERNACIONAL,RED BULL BRAGANTINO,JUNINHO CAPIXABA,3.0
2026-07-07|RED BULL BRAGANTINO|INTERNACIONAL,RED BULL BRAGANTINO,LUCAS BARBOSA,1.0
2026-07-07|RED BULL BRAGANTINO|INTERNACIONAL,RED BULL BRAGANTINO,GABRIEL,1.0
2026-07-07|ATHLETICO-PR|MIRASSOL,MIRASSOL,JOÃO VICTOR,1.0
2026-07-07|FLAMENGO|CORITIBA,CORITIBA,BRUNO MELO,1.0
2026-07-07|GRÊMIO|CORINTHIANS,GRÊMIO,AMUZU,1.0
2026-07-07|VASCO|ATLÉTICO-MG,VASCO,NUNO MOREIRA,3.0
2026-07-07|SANTOS|VITÓRIA,VITÓRIA,MATHEUZINHO,3.0
2026-07-07|VASCO|ATLÉTICO-MG,ATLÉTICO-MG,VICTOR HUGO,1.0
2026-07-07|VASCO|ATLÉTICO-MG,VASCO,DAVID,1.0
2026-07-07|SANTOS|VITÓRIA,VITÓRIA,ERICK,2.0
2026-07-07|ATHLETICO-PR|MIRASSOL,ATHLETICO-PR,ARTHUR DIAS,1.0
2026-07-07|VASCO|ATLÉTICO-MG,VASCO,JOHAN ROJAS,2.0
2026-07-07|FLAMENGO|CORITIBA,CORITIBA,BRENO LOPES,1.0
2026-07-07|BAHIA|BOTAFOGO,BAHIA,ERICK,2.0
2026-07-07|RED BULL BRAGANTINO|INTERNACIONAL,INTERNACIONAL,ALAN PATRICK,2.0
2026-07-07|PALMEIRAS|CHAPECOENSE,CHAPECOENSE,CAMILO,1.0
2026-07-07|RED BULL BRAGANTINO|INTERNACIONAL,RED BULL BRAGANTINO,HERRERA,3.0
2026-07-07|SANTOS|VITÓRIA,SANTOS,BARREAL,1.0
2026-07-07|BAHIA|BOTAFOGO,BOTAFOGO,ARTHUR CABRAL,1.0
2026-07-07|PALMEIRAS|CHAPECOENSE,CHAPECOENSE,RAFAEL CARVALHEIRA,2.0
2026-07-07|PALMEIRAS|CHAPECOENSE,CHAPECOENSE,EVERTON,1.0
2026-07-07|BAHIA|BOTAFOGO,BOTAFOGO,FERRARESI,1.0
2026-07-07|BAHIA|BOTAFOGO,BOTAFOGO,ALEX TELLES,1.0
2026-07-07|VASCO|ATLÉTICO-MG,ATLÉTICO-MG,REINIER,2.0
2026-07-07|GRÊMIO|CORINTHIANS,CORINTHIANS,MATHEUS BIDU,2.0
2026-07-07|GRÊMIO|CORINTHIANS,CORINTHIANS,ANDRÉ,2.0
2026-07-07|PALMEIRAS|CHAPECOENSE,PALMEIRAS,FELIPE ANDERSON,2.0
2026-07-07|SANTOS|VITÓRIA,VITÓRIA,EMMANUEL MARTÍNEZ,2.0
2026-07-07|ATHLETICO-PR|MIRASSOL,ATHLETICO-PR,ZAPELLI,1.0
2026-07-07|GRÊMIO|CORINTHIANS,CORINTHIANS,MATHEUZINHO,6.0
2026-07-07|BAHIA|BOTAFOGO,BAHIA,EVERTON RIBEIRO,3.0
2026-07-07|ATHLETICO-PR|MIRASSOL,ATHLETICO-PR,BENAVÍDEZ,1.0
2026-07-07|ATHLETICO-PR|MIRASSOL,MIRASSOL,SHAYLON,1.0
2026-07-07|ATHLETICO-PR|MIRASSOL,MIRASSOL,REINALDO,2.0
2026-07-07|VASCO|ATLÉTICO-MG,VASCO,SPINELLI,1.0
2026-07-07|FLAMENGO|CORITIBA,FLAMENGO,EVERTTON ARAÚJO,2.0
2026-07-07|VASCO|ATLÉTICO-MG,VASCO,PAULO HENRIQUE,1.0
2026-07-07|VASCO|ATLÉTICO-MG,VASCO,PUMA RODRÍGUEZ,1.0
2026-07-07|RED BULL BRAGANTINO|INTERNACIONAL,RED BULL BRAGANTINO,ERIC RAMIRES,1.0
2026-07-07|BAHIA|BOTAFOGO,BAHIA,SANABRIA,1.0
2026-07-07|FLAMENGO|CORITIBA,CORITIBA,JP CHERMONT,1.0
2026-07-07|RED BULL BRAGANTINO|INTERNACIONAL,RED BULL BRAGANTINO,TIAGO VOLPI,1.0
2026-07-07|ATHLETICO-PR|MIRASSOL,ATHLETICO-PR,JOÃO CRUZ,1.0
2026-07-07|VASCO|ATLÉTICO-MG,VASCO,CUIABANO,4.0
2026-07-07|FLAMENGO|CORITIBA,FLAMENGO,LUIZ ARAÚJO,3.0
2026-07-07|SANTOS|VITÓRIA,VITÓRIA,RENATO KAYZER,2.0
2026-07-07|FLAMENGO|CORITIBA,CORITIBA,FELIPE JONATAN,1.0
2026-07-07|VASCO|ATLÉTICO-MG,ATLÉTICO-MG,NATANAEL,1.0
2026-07-07|GRÊMIO|CORINTHIANS,GRÊMIO,LEONEL PÉREZ,1.0
2026-07-07|ATHLETICO-PR|MIRASSOL,MIRASSOL,EDSON CARIOCA,1.0
2026-07-07|BAHIA|BOTAFOGO,BAHIA,RODRIGO NESTOR,5.0
2026-07-07|PALMEIRAS|CHAPECOENSE,CHAPECOENSE,BRUNO PACHECO,2.0
2026-07-07|FLAMENGO|CORITIBA,FLAMENGO,AYRTON LUCAS,1.0
2026-07-07|BAHIA|BOTAFOGO,BOTAFOGO,SANTI RODRÍGUEZ,1.0
2026-07-07|PALMEIRAS|CHAPECOENSE,CHAPECOENSE,ÊNIO,2.0
2026-07-07|SANTOS|VITÓRIA,VITÓRIA,ZÉ VITOR,2.0
2026-07-07|PALMEIRAS|CHAPECOENSE,CHAPECOENSE,NETO PESSOA,1.0
2026-07-07|VASCO|ATLÉTICO-MG,VASCO,CARLOS CUESTA,1.0
2026-07-07|VASCO|ATLÉTICO-MG,VASCO,ADSON,2.0
2026-07-07|FLAMENGO|CORITIBA,FLAMENGO,EVERTON,2.0
2026-07-07|BAHIA|BOTAFOGO,BOTAFOGO,VILLALBA,1.0
2026-07-07|PALMEIRAS|CHAPECOENSE,PALMEIRAS,BRUNO FUCHS,1.0
2026-07-07|FLAMENGO|CORITIBA,FLAMENGO,ERICK PULGAR,2.0
2026-07-07|FLAMENGO|CORITIBA,FLAMENGO,EMERSON ROYAL,2.0
2026-07-07|ATHLETICO-PR|MIRASSOL,ATHLETICO-PR,GILBERTO,2.0
2026-07-07|SANTOS|VITÓRIA,VITÓRIA,JAMERSON,1.0
2026-07-07|FLAMENGO|CORITIBA,FLAMENGO,SAÚL,1.0
2026-07-07|GRÊMIO|CORINTHIANS,CORINTHIANS,KAIO CÉSAR,2.0
2026-07-07|ATHLETICO-PR|MIRASSOL,ATHLETICO-PR,LEOZINHO,1.0
2026-07-07|ATHLETICO-PR|MIRASSOL,ATHLETICO-PR,GILBERTO JUNIOR,1.0
2026-07-07|SANTOS|VITÓRIA,SANTOS,SAMUEL PIERRI,1.0
2026-07-07|BAHIA|BOTAFOGO,BAHIA,ZÉ GUILHERME,1.0
2026-07-17|BOTAFOGO|SANTOS,BOTAFOGO,DANILO,16.0
2026-02-17|CORINTHIANS|RED BULL BRAGANTINO,CORINTHIANS,MEMPHIS DEPAY,8.0
2026-07-18|FLUMINENSE|RED BULL BRAGANTINO,RED BULL BRAGANTINO,SANT'ANNA,10.0
2026-07-17|BOTAFOGO|SANTOS,SANTOS,VINI LIRA,4.0
2026-07-24|INTERNACIONAL|CRUZEIRO,INTERNACIONAL,BRUNO GOMES,2.0
2026-07-27|ATHLETICO-PR|INTERNACIONAL,INTERNACIONAL,BRUNO GOMES,3.0
2026-07-24|INTERNACIONAL|CRUZEIRO,CRUZEIRO,MATHEUS HENRIQUE,1.0
2026-07-27|CRUZEIRO|BOTAFOGO,CRUZEIRO,MATHEUS HENRIQUE,1.0
2026-07-24|CORITIBA|PALMEIRAS,PALMEIRAS,MARLON FREITAS,2.0
2026-07-27|PALMEIRAS|ATLÉTICO-MG,PALMEIRAS,MARLON FREITAS,2.0
2026-07-27|ATHLETICO-PR|INTERNACIONAL,INTERNACIONAL,ALERRANDRO,1.0
2026-07-24|ATLÉTICO-MG|BAHIA,ATLÉTICO-MG,RENAN LODI,1.0
2026-07-27|PALMEIRAS|ATLÉTICO-MG,ATLÉTICO-MG,RENAN LODI,1.0
2026-07-24|CORITIBA|PALMEIRAS,CORITIBA,JOSUÉ,2.0
2026-07-27|RED BULL BRAGANTINO|CORITIBA,CORITIBA,JOSUÉ,3.0
2026-07-24|CORITIBA|PALMEIRAS,PALMEIRAS,ANDREAS PEREIRA,3.0
2026-07-27|PALMEIRAS|ATLÉTICO-MG,PALMEIRAS,ANDREAS PEREIRA,4.0
2026-07-24|INTERNACIONAL|CRUZEIRO,INTERNACIONAL,CARBONERO,2.0
2026-07-27|ATHLETICO-PR|INTERNACIONAL,INTERNACIONAL,CARBONERO,3.0
2026-07-27|REMO|VITÓRIA,REMO,YAGO PIKACHU,1.0
2026-07-27|CRUZEIRO|BOTAFOGO,CRUZEIRO,FABRÍCIO BRUNO,1.0
2026-07-24|ATLÉTICO-MG|BAHIA,BAHIA,ERICK PULGA,1.0
2026-07-27|BAHIA|CORINTHIANS,BAHIA,ERICK PULGA,2.0
2026-07-24|ATLÉTICO-MG|BAHIA,BAHIA,ADEMIR,3.0
2026-07-27|BAHIA|CORINTHIANS,BAHIA,ADEMIR,3.0
2026-07-27|ATHLETICO-PR|INTERNACIONAL,INTERNACIONAL,VITINHO,1.0
2026-07-24|SÃO PAULO|ATHLETICO-PR,ATHLETICO-PR,MENDOZA,1.0
2026-07-27|ATHLETICO-PR|INTERNACIONAL,ATHLETICO-PR,MENDOZA,2.0
2026-07-24|ATLÉTICO-MG|BAHIA,ATLÉTICO-MG,CUELLO,2.0
2026-07-24|SÃO PAULO|ATHLETICO-PR,SÃO PAULO,CALLERI,1.0
2026-07-27|FLAMENGO|SÃO PAULO,SÃO PAULO,CALLERI,2.0
2026-07-24|CHAPECOENSE|FLAMENGO,CHAPECOENSE,MARCINHO,1.0
2026-07-27|SANTOS|CHAPECOENSE,CHAPECOENSE,MARCINHO,2.0
2026-07-24|CHAPECOENSE|FLAMENGO,FLAMENGO,PEDRO,1.0
2026-07-27|FLAMENGO|SÃO PAULO,FLAMENGO,PEDRO,2.0
2026-07-27|BAHIA|CORINTHIANS,CORINTHIANS,GARRO,1.0
2026-07-24|CORINTHIANS|REMO,CORINTHIANS,BRENO BIDON,1.0
2026-07-27|BAHIA|CORINTHIANS,CORINTHIANS,BRENO BIDON,1.0
2026-07-24|INTERNACIONAL|CRUZEIRO,CRUZEIRO,GERSON,2.0
2026-07-24|ATLÉTICO-MG|BAHIA,BAHIA,WILLIAN JOSÉ,2.0
2026-07-27|BAHIA|CORINTHIANS,BAHIA,WILLIAN JOSÉ,2.0
2026-07-27|REMO|VITÓRIA,REMO,ZÉ RICARDO,1.0
2026-07-27|FLAMENGO|SÃO PAULO,SÃO PAULO,DANIELZINHO,1.0
2026-07-24|CHAPECOENSE|FLAMENGO,FLAMENGO,SAMUEL LINO,1.0
2026-07-27|FLAMENGO|SÃO PAULO,FLAMENGO,SAMUEL LINO,2.0
2026-07-24|CORINTHIANS|REMO,REMO,PICCO,1.0
2026-07-27|REMO|VITÓRIA,REMO,PICCO,1.0
2026-07-24|CORITIBA|PALMEIRAS,PALMEIRAS,MURILO,1.0
2026-07-27|PALMEIRAS|ATLÉTICO-MG,PALMEIRAS,MURILO,1.0
2026-07-24|CORINTHIANS|REMO,REMO,MARCELINHO,2.0
2026-07-27|REMO|VITÓRIA,REMO,MARCELINHO,3.0
2026-07-27|ATHLETICO-PR|INTERNACIONAL,INTERNACIONAL,BERNABEI,1.0
2026-07-27|RED BULL BRAGANTINO|CORITIBA,RED BULL BRAGANTINO,JUNINHO CAPIXABA,2.0
2026-07-27|PALMEIRAS|ATLÉTICO-MG,PALMEIRAS,MAURÍCIO,1.0
2026-07-27|RED BULL BRAGANTINO|CORITIBA,RED BULL BRAGANTINO,GUSTAVO MARQUES,1.0
2026-07-27|VASCO|MIRASSOL,MIRASSOL,JOÃO VICTOR,1.0
2026-07-27|REMO|VITÓRIA,REMO,JOSÉ WELISON,1.0
2026-07-27|RED BULL BRAGANTINO|CORITIBA,CORITIBA,BRENO LOPES,1.0
2026-07-27|SANTOS|CHAPECOENSE,CHAPECOENSE,EDUARDO DOMA,1.0
2026-07-24|ATLÉTICO-MG|BAHIA,BAHIA,ACEVEDO,1.0
2026-07-27|BAHIA|CORINTHIANS,BAHIA,ACEVEDO,1.0
2026-07-24|ATLÉTICO-MG|BAHIA,ATLÉTICO-MG,VICTOR HUGO,1.0
2026-07-27|PALMEIRAS|ATLÉTICO-MG,ATLÉTICO-MG,VICTOR HUGO,2.0
2026-07-27|VASCO|MIRASSOL,VASCO,ANDRÉS GÓMEZ,4.0
2026-07-27|GRÊMIO|FLUMINENSE,GRÊMIO,PAVÓN,3.0
2026-07-18|FLUMINENSE|RED BULL BRAGANTINO,FLUMINENSE,JOHN KENNEDY,1.0
2026-07-27|GRÊMIO|FLUMINENSE,FLUMINENSE,HÉRCULES,3.0
2026-07-24|CORITIBA|PALMEIRAS,CORITIBA,LUCAS RONIER,1.0
2026-07-27|RED BULL BRAGANTINO|CORITIBA,CORITIBA,LUCAS RONIER,1.0
2026-07-27|RED BULL BRAGANTINO|CORITIBA,RED BULL BRAGANTINO,LUCAS BARBOSA,1.0
2026-07-24|CORITIBA|PALMEIRAS,CORITIBA,JACY,1.0
2026-07-27|RED BULL BRAGANTINO|CORITIBA,CORITIBA,JACY,1.0
2026-07-24|ATLÉTICO-MG|BAHIA,ATLÉTICO-MG,BERNARD,2.0
2026-07-27|PALMEIRAS|ATLÉTICO-MG,ATLÉTICO-MG,BERNARD,2.0
2026-07-27|GRÊMIO|FLUMINENSE,GRÊMIO,AMUZU,3.0
2026-07-27|ATHLETICO-PR|INTERNACIONAL,ATHLETICO-PR,VIVEROS,1.0
2026-07-24|INTERNACIONAL|CRUZEIRO,CRUZEIRO,MATHEUS PEREIRA,9.0
2026-07-24|INTERNACIONAL|CRUZEIRO,INTERNACIONAL,BRUNO HENRIQUE,1.0
2026-07-27|ATHLETICO-PR|INTERNACIONAL,INTERNACIONAL,BRUNO HENRIQUE,2.0
2026-07-24|CORITIBA|PALMEIRAS,PALMEIRAS,RAMÓN SOSA,1.0
2026-07-27|VASCO|MIRASSOL,VASCO,BARROS,1.0
2026-07-27|SANTOS|CHAPECOENSE,CHAPECOENSE,BOLASIE,1.0
2026-07-27|REMO|VITÓRIA,VITÓRIA,ERICK,1.0
2026-07-27|BAHIA|CORINTHIANS,BAHIA,JEAN LUCAS,2.0
2026-07-27|SANTOS|CHAPECOENSE,SANTOS,GABRIEL BONTEMPO,3.0
2026-07-27|CRUZEIRO|BOTAFOGO,CRUZEIRO,ARROYO,3.0
2026-07-27|PALMEIRAS|ATLÉTICO-MG,ATLÉTICO-MG,CASSIERRA,1.0
2026-07-27|PALMEIRAS|ATLÉTICO-MG,PALMEIRAS,GIAY,2.0
2026-07-27|REMO|VITÓRIA,REMO,JAJÁ,1.0
2026-07-27|VASCO|MIRASSOL,VASCO,JOHAN ROJAS,1.0
2026-07-24|CHAPECOENSE|FLAMENGO,CHAPECOENSE,CAMILO,1.0
2026-07-27|SANTOS|CHAPECOENSE,CHAPECOENSE,CAMILO,1.0
2026-07-27|VASCO|MIRASSOL,VASCO,NUNO MOREIRA,4.0
2026-07-18|MIRASSOL|GRÊMIO,MIRASSOL,ALESSON,1.0
2026-07-27|RED BULL BRAGANTINO|CORITIBA,RED BULL BRAGANTINO,HENRY MOSQUERA,1.0
2026-07-24|ATLÉTICO-MG|BAHIA,ATLÉTICO-MG,REINIER,1.0
2026-07-27|GRÊMIO|FLUMINENSE,FLUMINENSE,LUCHO ACOSTA,5.0
2026-07-07|CRUZEIRO|FLUMINENSE,FLUMINENSE,SAVARINO,1.0
2026-07-18|FLUMINENSE|RED BULL BRAGANTINO,FLUMINENSE,SAVARINO,1.0
2026-07-24|ATLÉTICO-MG|BAHIA,BAHIA,ERICK,5.0
2026-07-24|SÃO PAULO|ATHLETICO-PR,SÃO PAULO,BOBADILLA,1.0
2026-07-24|BOTAFOGO|VITÓRIA,BOTAFOGO,MONTORO,1.0
2026-07-27|CRUZEIRO|BOTAFOGO,BOTAFOGO,MONTORO,1.0
2026-07-24|CHAPECOENSE|FLAMENGO,CHAPECOENSE,EVERTON,1.0
2026-07-24|BOTAFOGO|VITÓRIA,BOTAFOGO,MATHEUS MARTINS,2.0
2026-07-27|CRUZEIRO|BOTAFOGO,BOTAFOGO,MATHEUS MARTINS,3.0
2026-07-27|SANTOS|CHAPECOENSE,SANTOS,BARREAL,3.0
2026-07-24|BOTAFOGO|VITÓRIA,BOTAFOGO,ALEX TELLES,1.0
2026-07-27|CRUZEIRO|BOTAFOGO,BOTAFOGO,ALEX TELLES,1.0
2026-07-24|ATLÉTICO-MG|BAHIA,BAHIA,EVERTON RIBEIRO,1.0
2026-07-27|BAHIA|CORINTHIANS,BAHIA,EVERTON RIBEIRO,1.0
2026-07-27|REMO|VITÓRIA,VITÓRIA,CAÍQUE,1.0
2026-07-27|BAHIA|CORINTHIANS,CORINTHIANS,MATHEUZINHO,1.0
2026-07-24|CORITIBA|PALMEIRAS,PALMEIRAS,ARIAS,9.0
2026-07-27|PALMEIRAS|ATLÉTICO-MG,PALMEIRAS,ARIAS,10.0
2026-07-24|BOTAFOGO|VITÓRIA,BOTAFOGO,VITINHO,2.0
2026-07-27|CRUZEIRO|BOTAFOGO,BOTAFOGO,VITINHO,2.0
2026-07-27|ATHLETICO-PR|INTERNACIONAL,INTERNACIONAL,VILLAGRA,1.0
2026-07-27|BAHIA|CORINTHIANS,CORINTHIANS,GABRIEL PAULISTA,1.0
2026-07-27|GRÊMIO|FLUMINENSE,GRÊMIO,TETÊ,1.0
2026-07-27|FLAMENGO|SÃO PAULO,SÃO PAULO,FERREIRA,1.0
2026-07-24|BOTAFOGO|VITÓRIA,BOTAFOGO,ARTHUR CABRAL,1.0
2026-07-27|CRUZEIRO|BOTAFOGO,BOTAFOGO,ARTHUR CABRAL,1.0
2026-07-27|ATHLETICO-PR|INTERNACIONAL,INTERNACIONAL,ALAN PATRICK,1.0
2026-07-27|RED BULL BRAGANTINO|CORITIBA,RED BULL BRAGANTINO,HERRERA,2.0
2026-07-27|VASCO|MIRASSOL,MIRASSOL,ALDO FILHO,1.0
2026-07-27|PALMEIRAS|ATLÉTICO-MG,PALMEIRAS,ARTHUR,2.0
2026-07-07|REMO|SÃO PAULO,REMO,TCHAMBA,1.0
2026-07-27|REMO|VITÓRIA,VITÓRIA,BARALHAS,1.0
2026-07-24|BOTAFOGO|VITÓRIA,VITÓRIA,RAMON,3.0
2026-07-27|REMO|VITÓRIA,VITÓRIA,RAMON,3.0
2026-07-27|ATHLETICO-PR|INTERNACIONAL,ATHLETICO-PR,BENAVÍDEZ,1.0
2026-07-27|VASCO|MIRASSOL,MIRASSOL,REINALDO,5.0
2026-07-24|INTERNACIONAL|CRUZEIRO,CRUZEIRO,FAGNER,2.0
2026-07-27|CRUZEIRO|BOTAFOGO,CRUZEIRO,FAGNER,2.0
2026-07-24|SÃO PAULO|ATHLETICO-PR,ATHLETICO-PR,ESQUIVEL,1.0
2026-07-27|ATHLETICO-PR|INTERNACIONAL,ATHLETICO-PR,ESQUIVEL,1.0
2026-07-24|INTERNACIONAL|CRUZEIRO,CRUZEIRO,KAIO JORGE,1.0
2026-07-27|CRUZEIRO|BOTAFOGO,CRUZEIRO,KAIO JORGE,1.0
2026-07-27|SANTOS|CHAPECOENSE,SANTOS,ROLLHEISER,6.0
2026-07-24|SÃO PAULO|ATHLETICO-PR,SÃO PAULO,MARCOS ANTÔNIO,1.0
2026-07-27|FLAMENGO|SÃO PAULO,SÃO PAULO,MARCOS ANTÔNIO,2.0
2026-07-27|VASCO|MIRASSOL,MIRASSOL,IGOR FORMIGA,2.0
2026-07-27|VASCO|MIRASSOL,VASCO,LUCAS PITON,1.0
2026-07-27|FLAMENGO|SÃO PAULO,SÃO PAULO,LUCAS RAMON,1.0
2026-07-24|SÃO PAULO|ATHLETICO-PR,SÃO PAULO,WENDELL,1.0
2026-07-27|FLAMENGO|SÃO PAULO,SÃO PAULO,WENDELL,1.0
2026-07-27|GRÊMIO|FLUMINENSE,FLUMINENSE,GUILHERME ARANA,1.0
2026-07-27|ATHLETICO-PR|INTERNACIONAL,INTERNACIONAL,FÉLIX TORRES,1.0
2026-07-24|SÃO PAULO|ATHLETICO-PR,ATHLETICO-PR,JADSON,1.0
2026-07-27|ATHLETICO-PR|INTERNACIONAL,ATHLETICO-PR,JADSON,1.0
2026-07-24|ATLÉTICO-MG|BAHIA,ATLÉTICO-MG,DUDU,1.0
2026-07-27|CRUZEIRO|BOTAFOGO,CRUZEIRO,LUCAS ROMERO,3.0
2026-07-24|BOTAFOGO|VITÓRIA,VITÓRIA,TARZIA,2.0
2026-07-27|REMO|VITÓRIA,VITÓRIA,TARZIA,2.0
2026-07-07|REMO|SÃO PAULO,SÃO PAULO,ENZO DÍAZ,2.0
2026-07-27|SANTOS|CHAPECOENSE,SANTOS,IGOR VINÍCIUS,1.0
2026-07-24|ATLÉTICO-MG|BAHIA,BAHIA,DAVID DUARTE,1.0
2026-07-27|BAHIA|CORINTHIANS,BAHIA,DAVID DUARTE,1.0
2026-07-27|VASCO|MIRASSOL,VASCO,PUMA RODRÍGUEZ,3.0
2026-07-27|RED BULL BRAGANTINO|CORITIBA,RED BULL BRAGANTINO,ANDRÉS HURTADO,3.0
2026-07-24|BOTAFOGO|VITÓRIA,BOTAFOGO,DANILO,1.0
2026-07-27|CRUZEIRO|BOTAFOGO,BOTAFOGO,DANILO,1.0
2026-07-24|BOTAFOGO|VITÓRIA,VITÓRIA,EMMANUEL MARTÍNEZ,2.0
2026-07-27|ATHLETICO-PR|INTERNACIONAL,ATHLETICO-PR,JOÃO CRUZ,1.0
2026-07-27|ATHLETICO-PR|INTERNACIONAL,ATHLETICO-PR,LUIZ GUSTAVO,1.0
2026-07-17|VITÓRIA|VASCO,VASCO,BRENNER,1.0
2026-07-27|GRÊMIO|FLUMINENSE,FLUMINENSE,SOTELDO,1.0
2026-07-27|GRÊMIO|FLUMINENSE,FLUMINENSE,MARTINELLI,2.0
2026-07-27|REMO|VITÓRIA,REMO,VITOR BUENO,1.0
2026-07-27|SANTOS|CHAPECOENSE,SANTOS,GABRIEL,1.0
2026-07-27|GRÊMIO|FLUMINENSE,GRÊMIO,NARDONI,2.0
2026-07-27|CRUZEIRO|BOTAFOGO,CRUZEIRO,JONATHAN JESUS,1.0
2026-07-24|INTERNACIONAL|CRUZEIRO,CRUZEIRO,VILLARREAL,1.0
2026-07-27|GRÊMIO|FLUMINENSE,FLUMINENSE,RENÊ,2.0
2026-07-27|GRÊMIO|FLUMINENSE,FLUMINENSE,CANOBBIO,2.0
2026-07-27|GRÊMIO|FLUMINENSE,GRÊMIO,GUSTAVO MARTINS,1.0
2026-07-24|SÃO PAULO|ATHLETICO-PR,SÃO PAULO,PABLO MAIA,1.0
2026-07-27|FLAMENGO|SÃO PAULO,SÃO PAULO,PABLO MAIA,1.0
2026-07-27|GRÊMIO|FLUMINENSE,FLUMINENSE,GUGA,2.0
2026-07-27|SANTOS|CHAPECOENSE,CHAPECOENSE,GIOVANNI AUGUSTO,1.0
2026-07-24|INTERNACIONAL|CRUZEIRO,INTERNACIONAL,MATHEUS BAHIA,1.0
2026-07-27|ATHLETICO-PR|INTERNACIONAL,INTERNACIONAL,MATHEUS BAHIA,1.0
2026-07-27|SANTOS|CHAPECOENSE,SANTOS,LUCAS VERÍSSIMO,2.0
2026-07-27|PALMEIRAS|ATLÉTICO-MG,ATLÉTICO-MG,TOMÁS PÉREZ,1.0
2026-07-27|SANTOS|CHAPECOENSE,SANTOS,OLIVA,3.0
2026-07-24|CORITIBA|PALMEIRAS,CORITIBA,JP CHERMONT,1.0
2026-07-24|CORINTHIANS|REMO,CORINTHIANS,MATHEUS PEREIRA,1.0
2026-07-27|BAHIA|CORINTHIANS,CORINTHIANS,MATHEUS PEREIRA,1.0
2026-07-27|REMO|VITÓRIA,VITÓRIA,RENATO KAYZER,1.0
2026-07-27|PALMEIRAS|ATLÉTICO-MG,ATLÉTICO-MG,MAYCON,1.0
2026-07-27|RED BULL BRAGANTINO|CORITIBA,RED BULL BRAGANTINO,ERIC RAMIRES,2.0
2026-07-24|ATLÉTICO-MG|BAHIA,BAHIA,RODRIGO NESTOR,1.0
2026-07-27|BAHIA|CORINTHIANS,BAHIA,RODRIGO NESTOR,1.0
2026-07-24|INTERNACIONAL|CRUZEIRO,CRUZEIRO,BRUNO RODRIGUES,1.0
2026-07-27|CRUZEIRO|BOTAFOGO,CRUZEIRO,BRUNO RODRIGUES,1.0
2026-07-27|VASCO|MIRASSOL,VASCO,CUIABANO,1.0
2026-07-24|BOTAFOGO|VITÓRIA,BOTAFOGO,MEDINA,2.0
2026-07-27|CRUZEIRO|BOTAFOGO,BOTAFOGO,MEDINA,2.0
2026-07-27|VASCO|MIRASSOL,MIRASSOL,EDSON CARIOCA,2.0
2026-07-24|CHAPECOENSE|FLAMENGO,FLAMENGO,ARRASCAETA,2.0
2026-07-27|FLAMENGO|SÃO PAULO,FLAMENGO,ARRASCAETA,2.0
2026-07-24|CHAPECOENSE|FLAMENGO,CHAPECOENSE,ÊNIO,2.0
2026-07-27|SANTOS|CHAPECOENSE,CHAPECOENSE,ÊNIO,2.0
2026-07-27|VASCO|MIRASSOL,MIRASSOL,DENILSON,1.0
2026-07-27|SANTOS|CHAPECOENSE,CHAPECOENSE,BRUNO PACHECO,1.0
2026-07-27|SANTOS|CHAPECOENSE,SANTOS,THACIANO,1.0
2026-07-24|BOTAFOGO|VITÓRIA,VITÓRIA,RENÊ,1.0
2026-07-27|REMO|VITÓRIA,VITÓRIA,RENÊ,1.0
2026-07-27|CRUZEIRO|BOTAFOGO,BOTAFOGO,SANTI RODRÍGUEZ,1.0
2026-07-27|GRÊMIO|FLUMINENSE,GRÊMIO,PEDRO GABRIEL,1.0
2026-07-27|RED BULL BRAGANTINO|CORITIBA,RED BULL BRAGANTINO,RODRIGUINHO,1.0
2026-07-24|CHAPECOENSE|FLAMENGO,FLAMENGO,PLATA,2.0
2026-07-27|REMO|VITÓRIA,VITÓRIA,ZÉ VITOR,1.0
2026-07-24|INTERNACIONAL|CRUZEIRO,CRUZEIRO,WILLIAM,1.0
2026-07-27|CRUZEIRO|BOTAFOGO,CRUZEIRO,WILLIAM,1.0
2026-07-27|BAHIA|CORINTHIANS,CORINTHIANS,LABYAD,1.0
2026-07-18|MIRASSOL|GRÊMIO,GRÊMIO,LEONEL PÉREZ,1.0
2026-07-18|BAHIA|CHAPECOENSE,CHAPECOENSE,MARCOS VINÍCIUS,1.0
2026-07-24|CHAPECOENSE|FLAMENGO,CHAPECOENSE,NETO PESSOA,1.0
2026-07-27|SANTOS|CHAPECOENSE,SANTOS,NEYMAR,2.0
2026-07-27|FLAMENGO|SÃO PAULO,FLAMENGO,EVERTON,1.0
2026-07-27|VASCO|MIRASSOL,VASCO,ADSON,1.0
2026-07-27|FLAMENGO|SÃO PAULO,FLAMENGO,ERICK PULGAR,1.0
2026-07-27|RED BULL BRAGANTINO|CORITIBA,RED BULL BRAGANTINO,FERNANDO,4.0
2026-07-27|CRUZEIRO|BOTAFOGO,BOTAFOGO,KADIR,1.0
2026-07-24|CHAPECOENSE|FLAMENGO,CHAPECOENSE,RUBENS,2.0
2026-07-27|PALMEIRAS|ATLÉTICO-MG,PALMEIRAS,EMILIANO MARTÍNEZ,1.0
2026-07-24|CHAPECOENSE|FLAMENGO,FLAMENGO,VITÃO,1.0
2026-07-27|FLAMENGO|SÃO PAULO,FLAMENGO,VITÃO,1.0
2026-07-27|PALMEIRAS|ATLÉTICO-MG,PALMEIRAS,PIQUEREZ,1.0
2026-07-27|BAHIA|CORINTHIANS,CORINTHIANS,KAIO CÉSAR,1.0
2026-07-27|REMO|VITÓRIA,REMO,GABRIEL TALIARI,1.0
2026-07-27|SANTOS|CHAPECOENSE,SANTOS,MIGUELITO,5.0
2026-07-27|GRÊMIO|FLUMINENSE,FLUMINENSE,IGNÁCIO,2.0
2026-07-24|SÃO PAULO|ATHLETICO-PR,ATHLETICO-PR,LEOZINHO,1.0
2026-07-27|ATHLETICO-PR|INTERNACIONAL,ATHLETICO-PR,LEOZINHO,1.0
2026-07-27|REMO|VITÓRIA,VITÓRIA,JAMERSON,1.0
2026-07-24|CORITIBA|PALMEIRAS,CORITIBA,RENATO MARQUES,1.0
2026-07-27|GRÊMIO|FLUMINENSE,FLUMINENSE,NONATO,1.0
2026-07-27|GRÊMIO|FLUMINENSE,GRÊMIO,MARLON,1.0
2026-07-27|CRUZEIRO|BOTAFOGO,CRUZEIRO,OTÁVIO,1.0
2026-07-27|PALMEIRAS|ATLÉTICO-MG,PALMEIRAS,PAULINHO,1.0
2026-07-27|ATHLETICO-PR|INTERNACIONAL,ATHLETICO-PR,CLAUDINHO,1.0
2026-07-24|BOTAFOGO|VITÓRIA,BOTAFOGO,MARÇAL,1.0
2026-07-27|CRUZEIRO|BOTAFOGO,BOTAFOGO,MARÇAL,1.0
2026-07-27|PALMEIRAS|ATLÉTICO-MG,ATLÉTICO-MG,ALEXSANDER,1.0
2026-07-24|ATLÉTICO-MG|BAHIA,BAHIA,ROMÁN GÓMEZ,1.0
2026-07-27|BAHIA|CORINTHIANS,BAHIA,ROMÁN GÓMEZ,1.0
2026-07-07|REMO|SÃO PAULO,SÃO PAULO,LUCCA,2.0
2026-07-27|SANTOS|CHAPECOENSE,SANTOS,JOÃO ANANIAS,1.0
2026-07-24|BOTAFOGO|VITÓRIA,BOTAFOGO,HUGUINHO,1.0
2026-07-27|CRUZEIRO|BOTAFOGO,BOTAFOGO,HUGUINHO,1.0
2026-07-24|ATLÉTICO-MG|BAHIA,BAHIA,IAGO,1.0
2026-07-27|CRUZEIRO|BOTAFOGO,BOTAFOGO,KAUAN TOLEDO,1.0
2026-07-27|VASCO|MIRASSOL,VASCO,RAMON RIQUE,2.0
2026-07-18|FLUMINENSE|RED BULL BRAGANTINO,FLUMINENSE,MILLÁN,1.0
2026-07-27|FLAMENGO|SÃO PAULO,SÃO PAULO,VICTOR SÁ,1.0
2026-07-24|INTERNACIONAL|CRUZEIRO,CRUZEIRO,GABRIEL ROJAS,1.0
2026-07-27|CRUZEIRO|BOTAFOGO,CRUZEIRO,GABRIEL ROJAS,1.0
2026-07-24|INTERNACIONAL|CRUZEIRO,INTERNACIONAL,LUIZ FELIPE,1.0
2026-07-27|RED BULL BRAGANTINO|CORITIBA,CORITIBA,PAULO ROBERTO,1.0
2026-07-27|BAHIA|CORINTHIANS,BAHIA,KAUÊ FURQUIM,1.0
2026-07-27|SANTOS|CHAPECOENSE,SANTOS,CABALLERO,1.0
2026-07-27|SANTOS|CHAPECOENSE,CHAPECOENSE,BRUNO MATIAS,1.0
2026-07-27|FLAMENGO|SÃO PAULO,FLAMENGO,LORRAN,1.0
2026-07-27|VASCO|MIRASSOL,MIRASSOL,FERNANDINHO,1.0
2026-07-27|VASCO|MIRASSOL,MIRASSOL,BRUNO SANTOS,1.0
2026-07-27|SANTOS|CHAPECOENSE,CHAPECOENSE,FERNANDO,1.0
2026-07-24|ATLÉTICO-MG|BAHIA,BAHIA,RUAN PABLO,1.0
2026-07-27|REMO|VITÓRIA,VITÓRIA,WALACE,1.0
2026-07-27|CRUZEIRO|BOTAFOGO,CRUZEIRO,MARQUINHOS,1.0
2026-07-24|BOTAFOGO|VITÓRIA,VITÓRIA,POCHETTINO,1.0
2026-07-27|REMO|VITÓRIA,VITÓRIA,POCHETTINO,2.0
2026-07-27|GRÊMIO|FLUMINENSE,FLUMINENSE,THIAGO SILVA,1.0
2026-07-27|REMO|VITÓRIA,REMO,MATHEUS FELIPE,1.0
2026-07-27|SANTOS|CHAPECOENSE,SANTOS,NADSON,1.0
2026-07-24|BOTAFOGO|VITÓRIA,BOTAFOGO,LUCAS EMANUEL,1.0
